trade_date,wind_code,open,high,low,close,volume,amt
2025-10-20,603196.SH,23.00,23.42,22.71,23.19,3266800,75635077
2025-10-21,603196.SH,23.30,23.39,22.82,23.39,2476600,57268449
2025-10-22,603196.SH,23.48,24.20,23.27,23.36,4593900,108656297
2025-10-23,603196.SH,23.25,23.89,23.03,23.89,3177959,74677648
2025-10-24,603196.SH,23.92,24.15,23.70,23.89,3887200,92957361
2025-10-27,603196.SH,23.89,24.49,23.63,24.32,4545500,109620351
2025-10-28,603196.SH,23.95,24.16,22.76,23.12,6031000,140591436
2025-10-29,603196.SH,23.19,23.39,22.71,23.04,3303900,75809642
2025-10-30,603196.SH,23.07,23.26,22.76,22.94,2731200,62729111
2025-10-31,603196.SH,22.78,23.37,22.78,23.03,2256300,52119297
2025-11-03,603196.SH,22.90,23.11,22.66,23.05,2025400,46473359
2025-11-04,603196.SH,23.11,23.22,22.75,22.96,2334700,53498695
2025-11-05,603196.SH,22.84,23.08,22.53,22.55,2222200,50517200
