l1_code,l1_name,source
110000,农林牧渔,https://emt.18.cn/api/quant-help/data/stock.html
220000,基础化工,https://emt.18.cn/api/quant-help/data/stock.html
230000,钢铁,https://emt.18.cn/api/quant-help/data/stock.html
240000,有色金属,https://emt.18.cn/api/quant-help/data/stock.html
270000,电子,https://emt.18.cn/api/quant-help/data/stock.html
280000,汽车,https://emt.18.cn/api/quant-help/data/stock.html
330000,家用电器,https://emt.18.cn/api/quant-help/data/stock.html
340000,食品饮料,https://emt.18.cn/api/quant-help/data/stock.html
350000,纺织服饰,https://emt.18.cn/api/quant-help/data/stock.html
360000,轻工制造,https://emt.18.cn/api/quant-help/data/stock.html
370000,医药生物,https://emt.18.cn/api/quant-help/data/stock.html
410000,公用事业,https://emt.18.cn/api/quant-help/data/stock.html
420000,交通运输,https://emt.18.cn/api/quant-help/data/stock.html
430000,房地产,https://emt.18.cn/api/quant-help/data/stock.html
450000,商贸零售,https://emt.18.cn/api/quant-help/data/stock.html
460000,社会服务,https://emt.18.cn/api/quant-help/data/stock.html
480000,银行,https://emt.18.cn/api/quant-help/data/stock.html
490000,非银金融,https://emt.18.cn/api/quant-help/data/stock.html
510000,综合,https://emt.18.cn/api/quant-help/data/stock.html
610000,建筑材料,https://emt.18.cn/api/quant-help/data/stock.html
620000,建筑装饰,https://emt.18.cn/api/quant-help/data/stock.html
630000,电力设备,https://emt.18.cn/api/quant-help/data/stock.html
640000,机械设备,https://emt.18.cn/api/quant-help/data/stock.html
650000,国防军工,https://emt.18.cn/api/quant-help/data/stock.html
710000,计算机,https://emt.18.cn/api/quant-help/data/stock.html
720000,传媒,https://emt.18.cn/api/quant-help/data/stock.html
730000,通信,https://emt.18.cn/api/quant-help/data/stock.html
740000,煤炭,https://emt.18.cn/api/quant-help/data/stock.html
750000,石油石化,https://emt.18.cn/api/quant-help/data/stock.html
760000,环保,https://emt.18.cn/api/quant-help/data/stock.html
770000,美容护理,https://emt.18.cn/api/quant-help/data/stock.html
