code,start_date,industry_code,update_date,l1_code,l2_code,sw_l1_name,code_gildata,name,wind_sw_l1,_merge,status
000003,1991-04-14 00:00:00,510101,2015-10-27 15:28:00,510000,510100,综合,,,,left_only,only_sw
000005,2021-07-30 00:00:00,760104,2022-10-11 14:51:00,760000,760100,环保,,,,left_only,only_sw
000013,2003-05-01 00:00:00,220501,2015-10-27 15:28:00,220000,220500,基础化工,,,,left_only,only_sw
000015,1992-06-25 00:00:00,510101,2015-10-27 15:28:00,510000,510100,综合,,,,left_only,only_sw
000018,2018-07-13 00:00:00,620403,2019-08-09 15:39:00,620000,620400,建筑装饰,,,,left_only,only_sw
000022,1993-05-05 00:00:00,420101,2024-10-25 09:03:00,420000,420100,交通运输,,,,left_only,only_sw
000023,2021-07-30 00:00:00,610102,2023-12-07 10:03:00,610000,610100,建筑材料,,,,left_only,only_sw
000024,2002-05-01 00:00:00,430101,2015-10-27 15:29:00,430000,430100,房地产,,,,left_only,only_sw
000033,1994-01-03 00:00:00,460201,2015-10-27 15:28:00,460000,460200,社会服务,,,,left_only,only_sw
000038,2021-07-30 00:00:00,510101,2021-07-31 16:18:00,510000,510100,综合,,,,left_only,only_sw
000040,2021-07-30 00:00:00,410106,2022-10-11 14:51:00,410000,410100,公用事业,,,,left_only,only_sw
000043,2007-07-02 00:00:00,430101,2015-10-27 15:29:00,430000,430100,房地产,,,,left_only,only_sw
000046,2021-07-30 00:00:00,430101,2021-07-31 16:18:00,430000,430100,房地产,,,,left_only,only_sw
000047,1994-10-21 00:00:00,430101,2015-10-27 15:28:00,430000,430100,房地产,,,,left_only,only_sw
000150,2021-07-30 00:00:00,370604,2021-07-31 16:18:00,370000,370600,医药生物,,,,left_only,only_sw
000405,1996-06-20 00:00:00,240101,2015-10-27 15:28:00,240000,240100,有色金属,,,,left_only,only_sw
000406,1996-06-28 00:00:00,210101,2015-10-27 15:29:00,210000,210100,,,,,left_only,only_sw
000412,1996-07-15 00:00:00,510101,2015-10-27 15:28:00,510000,510100,综合,,,,left_only,only_sw
000413,1996-09-25 00:00:00,270301,2015-10-27 15:28:00,270000,270300,电子,,,,left_only,only_sw
000416,2021-07-30 00:00:00,490302,2021-07-31 16:18:00,490000,490300,非银金融,,,,left_only,only_sw
000418,1997-03-28 00:00:00,330103,2015-10-27 15:29:00,330000,330100,家用电器,,,,left_only,only_sw
000502,2021-07-30 00:00:00,430301,2021-07-31 16:18:00,430000,430300,房地产,,,,left_only,only_sw
000508,1993-01-30 00:04:00,110601,2015-10-26 10:31:00,110000,110600,农林牧渔,,,,left_only,only_sw
000511,2014-01-01 00:00:00,240203,2015-10-27 15:29:00,240000,240200,有色金属,,,,left_only,only_sw
000515,1993-07-12 00:00:00,220203,2015-10-27 15:29:00,220000,220200,基础化工,,,,left_only,only_sw
000522,1993-11-08 00:00:00,370102,2015-10-27 15:28:00,370000,370100,医药生物,,,,left_only,only_sw
000527,1993-11-12 00:00:00,330102,2015-10-27 15:29:00,330000,330100,家用电器,,,,left_only,only_sw
000535,1993-11-30 00:00:00,230201,2015-10-27 15:28:00,230000,230200,钢铁,,,,left_only,only_sw
000540,2001-05-01 00:00:00,430101,2015-10-27 15:29:00,430000,430100,房地产,,,,left_only,only_sw
000542,1993-12-01 00:00:00,320102,2015-10-27 15:28:00,320000,320100,,,,,left_only,only_sw
000549,1993-12-20 00:00:00,310102,2015-10-27 15:28:00,310000,310100,,,,,left_only,only_sw
000556,1994-05-25 00:00:00,510101,2015-10-27 15:28:00,510000,510100,综合,,,,left_only,only_sw
000562,2014-02-21 00:00:00,490101,2024-09-27 12:41:00,490000,490100,非银金融,,,,left_only,only_sw
000569,1994-04-25 00:00:00,230102,2015-10-27 15:28:00,230000,230100,钢铁,,,,left_only,only_sw
000578,2009-06-01 00:00:00,220306,2015-10-27 15:29:00,220000,220300,基础化工,,,,left_only,only_sw
000583,1995-11-01 00:00:00,470301,2015-10-27 15:28:00,470000,470300,,,,,left_only,only_sw
000584,2021-07-30 00:00:00,640701,2021-07-31 16:18:00,640000,640700,机械设备,,,,left_only,only_sw
000585,2021-07-30 00:00:00,630801,2021-11-30 13:17:00,630000,630800,电力设备,,,,left_only,only_sw
000587,2021-07-30 00:00:00,350301,2021-07-31 16:18:00,350000,350300,纺织服饰,,,,left_only,only_sw
000588,1996-01-23 00:00:00,110202,2015-10-27 15:28:00,110000,110200,农林牧渔,,,,left_only,only_sw
000594,2007-01-02 00:00:00,420701,2015-10-27 15:28:00,420000,420700,交通运输,,,,left_only,only_sw
000602,2013-07-01 00:00:00,410101,2015-10-27 15:29:00,410000,410100,公用事业,,,,left_only,only_sw
000606,2021-07-30 00:00:00,710301,2021-07-31 16:18:00,710000,710300,计算机,,,,left_only,only_sw
000611,2021-07-30 00:00:00,740101,2021-07-31 16:18:00,740000,740100,煤炭,,,,left_only,only_sw
000613,2021-07-30 00:00:00,460901,2021-07-31 16:18:00,460000,460900,社会服务,,,,left_only,only_sw
000616,2022-07-29 00:00:00,490307,2022-07-29 11:54:00,490000,490300,非银金融,,,,left_only,only_sw
000618,1996-10-15 00:00:00,220101,2015-10-27 15:29:00,220000,220100,基础化工,,,,left_only,only_sw
000621,1996-11-05 00:00:00,470201,2015-10-27 15:28:00,470000,470200,,,,,left_only,only_sw
000622,2021-07-30 00:00:00,510101,2024-07-29 11:30:00,510000,510100,综合,,,,left_only,only_sw
000627,2017-06-29 00:00:00,490201,2021-03-03 15:31:00,490000,490200,非银金融,,,,left_only,only_sw
000653,1996-11-26 00:00:00,450201,2015-10-27 15:28:00,450000,450200,商贸零售,,,,left_only,only_sw
000658,1996-12-18 00:00:00,510101,2015-10-27 15:28:00,510000,510100,综合,,,,left_only,only_sw
000660,2005-07-01 00:00:00,260404,2015-10-27 15:28:00,260000,260400,,,,,left_only,only_sw
000662,2021-07-30 00:00:00,710401,2021-07-31 16:18:00,710000,710400,计算机,,,,left_only,only_sw
000666,2021-07-30 00:00:00,490304,2021-07-31 16:18:00,490000,490300,非银金融,,,,left_only,only_sw
000667,2003-05-01 00:00:00,430101,2015-10-27 15:29:00,430000,430100,房地产,,,,left_only,only_sw
000671,2007-07-02 00:00:00,430101,2015-10-27 15:29:00,430000,430100,房地产,,,,left_only,only_sw
000673,2021-07-30 00:00:00,720601,2021-07-31 16:18:00,720000,720600,传媒,,,,left_only,only_sw
000675,1996-12-26 00:00:00,220302,2015-10-27 15:28:00,220000,220300,基础化工,,,,left_only,only_sw
000687,2019-07-24 00:00:00,650201,2019-08-09 15:39:00,650000,650200,国防军工,,,,left_only,only_sw
000689,1996-12-31 00:00:00,240101,2015-10-27 15:28:00,240000,240100,有色金属,,,,left_only,only_sw
000693,2014-02-21 00:00:00,720303,2024-09-27 12:41:00,720000,720300,传媒,,,,left_only,only_sw
000699,1997-03-10 00:00:00,360101,2015-10-27 15:28:00,360000,360100,轻工制造,,,,left_only,only_sw
000730,1997-05-22 00:00:00,410401,2015-10-27 15:28:00,410000,410400,公用事业,,,,left_only,only_sw
000732,2011-01-10 00:00:00,430101,2015-10-27 15:29:00,430000,430100,房地产,,,,left_only,only_sw
000748,2014-02-21 00:00:00,710101,2024-09-27 12:41:00,710000,710100,计算机,,,,left_only,only_sw
000760,2021-07-30 00:00:00,280203,2021-07-31 16:18:00,280000,280200,汽车,,,,left_only,only_sw
000763,1997-09-15 00:00:00,220101,2015-10-27 15:29:00,220000,220100,基础化工,,,,left_only,only_sw
000765,2001-05-01 00:00:00,320201,2015-10-27 15:28:00,320000,320200,,,,,left_only,only_sw
000769,2006-09-01 00:00:00,110601,2015-10-27 15:28:00,110000,110600,农林牧渔,,,,left_only,only_sw
000780,2021-07-30 00:00:00,740101,2021-07-31 16:18:00,740000,740100,煤炭,,,,left_only,only_sw
000787,2008-06-02 00:00:00,470303,2015-10-27 15:28:00,470000,470300,,,,,left_only,only_sw
000805,2011-10-10 00:00:00,470401,2015-10-27 15:28:00,470000,470400,,,,,left_only,only_sw
000806,2021-07-30 00:00:00,630801,2022-10-11 14:51:00,630000,630800,电力设备,,,,left_only,only_sw
000817,1998-05-28 00:00:00,210101,2015-10-27 15:29:00,210000,210100,,,,,left_only,only_sw
000827,2005-07-01 00:00:00,250102,2015-10-27 15:28:00,250000,250100,,,,,left_only,only_sw
000832,1998-08-25 00:00:00,220401,2015-10-27 15:28:00,220000,220400,基础化工,,,,left_only,only_sw
000835,2021-07-30 00:00:00,720401,2021-07-31 16:18:00,720000,720400,传媒,,,,left_only,only_sw
000836,2021-07-30 00:00:00,730205,2021-07-31 16:18:00,730000,730200,通信,,,,left_only,only_sw
000861,2021-07-30 00:00:00,450304,2021-07-31 16:18:00,450000,450300,商贸零售,,,,left_only,only_sw
000866,1998-05-12 00:00:00,220101,2015-10-27 15:29:00,220000,220100,基础化工,,,,left_only,only_sw
000916,1999-09-27 00:00:00,420201,2015-10-27 15:29:00,420000,420200,交通运输,,,,left_only,only_sw
000918,2010-01-17 00:00:00,430101,2015-10-27 15:29:00,430000,430100,房地产,,,,left_only,only_sw
000939,2017-05-20 01:33:00,410105,2019-08-09 15:38:00,410000,410100,公用事业,,,,left_only,only_sw
000956,1999-11-10 00:00:00,210101,2015-10-27 15:29:00,210000,210100,,,,,left_only,only_sw
000961,2008-01-02 00:00:00,430101,2015-10-27 15:29:00,430000,430100,房地产,,,,left_only,only_sw
000971,2021-07-30 00:00:00,730104,2021-07-31 16:18:00,730000,730100,通信,,,,left_only,only_sw
000976,2017-06-29 00:00:00,640501,2019-08-09 15:39:00,640000,640500,机械设备,,,,left_only,only_sw
000979,2010-01-17 00:00:00,430101,2015-10-27 15:29:00,430000,430100,房地产,,,,left_only,only_sw
000982,2023-07-04 00:00:00,630702,2023-07-04 15:14:00,630000,630700,电力设备,,,,left_only,only_sw
000991,2016-08-23 00:00:00,270301,2018-06-26 11:13:00,270000,270300,电子,,,,left_only,only_sw
000996,2021-07-30 00:00:00,280302,2021-07-31 16:18:00,280000,280300,汽车,,,,left_only,only_sw
001235,2022-04-29 00:00:00,630802,2023-09-08 10:19:00,630000,630800,电力设备,,,,left_only,only_sw
001246,2026-09-11 16:40:00,240602,2026-09-11 16:40:00,240000,240600,有色金属,,,,left_only,only_sw
002002,2017-06-29 00:00:00,220202,2019-08-09 15:39:00,220000,220200,基础化工,,,,left_only,only_sw
002013,2014-02-21 00:00:00,650201,2024-09-27 12:41:00,650000,650200,国防军工,,,,left_only,only_sw
002018,2017-06-29 00:00:00,510101,2019-08-09 15:40:00,510000,510100,综合,,,,left_only,only_sw
002070,2017-06-29 00:00:00,240503,2018-06-20 15:06:00,240000,240500,有色金属,,,,left_only,only_sw
002071,2021-07-30 00:00:00,720601,2021-07-31 16:18:00,720000,720600,传媒,,,,left_only,only_sw
002087,2006-11-29 00:00:00,350102,2015-10-27 15:29:00,350000,350100,纺织服饰,,,,left_only,only_sw
002089,2021-07-30 00:00:00,730204,2021-07-31 16:18:00,730000,730200,通信,,,,left_only,only_sw
002113,2021-07-30 00:00:00,720401,2021-07-31 16:18:00,720000,720400,传媒,,,,left_only,only_sw
002118,2007-03-01 00:00:00,370201,2015-10-27 15:29:00,370000,370200,医药生物,,,,left_only,only_sw
002143,2021-07-30 00:00:00,720501,2021-07-31 16:18:00,720000,720500,传媒,,,,left_only,only_sw
002147,2021-07-30 00:00:00,640106,2021-07-31 16:18:00,640000,640100,机械设备,,,,left_only,only_sw
002220,2011-10-10 00:00:00,110504,2019-08-09 15:39:00,110000,110500,农林牧渔,,,,left_only,only_sw
002260,2021-07-30 00:00:00,330301,2021-07-31 16:18:00,330000,330300,家用电器,,,,left_only,only_sw
002280,2021-07-30 00:00:00,450602,2021-07-31 16:18:00,450000,450600,商贸零售,,,,left_only,only_sw
002288,2011-10-10 00:00:00,270202,2015-10-27 15:28:00,270000,270200,电子,,,,left_only,only_sw
002308,2021-07-30 00:00:00,710103,2022-10-11 14:51:00,710000,710100,计算机,,,,left_only,only_sw
002325,2014-02-21 00:00:00,620201,2024-09-27 12:41:00,620000,620200,建筑装饰,,,,left_only,only_sw
002336,2014-02-21 00:00:00,450302,2024-09-27 12:41:00,450000,450300,商贸零售,,,,left_only,only_sw
002341,2021-07-30 00:00:00,220505,2021-07-31 16:18:00,220000,220500,基础化工,,,,left_only,only_sw
002359,2021-07-30 00:00:00,730102,2021-07-31 16:18:00,730000,730100,通信,,,,left_only,only_sw
002411,2023-07-04 00:00:00,630702,2023-07-04 15:14:00,630000,630700,电力设备,,,,left_only,only_sw
002417,2021-07-30 00:00:00,710301,2021-07-31 16:18:00,710000,710300,计算机,,,,left_only,only_sw
002433,2010-01-28 00:00:00,370201,2015-10-27 15:29:00,370000,370200,医药生物,,,,left_only,only_sw
002435,2018-07-13 00:00:00,370102,2020-12-04 14:32:00,370000,370100,医药生物,,,,left_only,only_sw
002447,2021-07-30 00:00:00,720401,2021-07-31 16:18:00,720000,720400,传媒,,,,left_only,only_sw
002450,2021-07-30 00:00:00,220505,2021-07-31 16:18:00,220000,220500,基础化工,,,,left_only,only_sw
002464,2021-07-30 00:00:00,720401,2021-07-31 16:18:00,720000,720400,传媒,,,,left_only,only_sw
002473,2021-07-30 00:00:00,330301,2021-07-31 16:18:00,330000,330300,家用电器,,,,left_only,only_sw
002477,2011-10-10 00:00:00,110701,2015-10-27 15:28:00,110000,110700,农林牧渔,,,,left_only,only_sw
002499,2022-07-29 00:00:00,450603,2022-10-11 14:52:00,450000,450600,商贸零售,,,,left_only,only_sw
002502,2023-07-04 00:00:00,240504,2023-07-04 15:14:00,240000,240500,有色金属,,,,left_only,only_sw
002503,2021-07-30 00:00:00,350209,2021-07-31 16:18:00,350000,350200,纺织服饰,,,,left_only,only_sw
002504,2015-07-01 00:00:00,620201,2015-10-27 15:29:00,620000,620200,建筑装饰,,,,left_only,only_sw
002505,2021-07-30 00:00:00,110704,2021-07-31 16:18:00,110000,110700,农林牧渔,,,,left_only,only_sw
002509,2014-02-21 00:00:00,640204,2024-09-27 12:41:00,640000,640200,机械设备,,,,left_only,only_sw
002525,2010-01-08 00:00:00,340303,2015-10-27 15:29:00,340000,340300,食品饮料,,,,left_only,only_sw
002604,2011-10-10 00:00:00,110504,2019-08-09 15:39:00,110000,110500,农林牧渔,,,,left_only,only_sw
002610,2021-07-30 00:00:00,630504,2024-06-26 13:11:00,630000,630500,电力设备,,,,left_only,only_sw
002618,2011-10-10 00:00:00,270202,2020-12-04 14:41:00,270000,270200,电子,,,,left_only,only_sw
002619,2021-07-30 00:00:00,720401,2021-07-31 16:18:00,720000,720400,传媒,,,,left_only,only_sw
002621,2021-07-30 00:00:00,461102,2022-05-10 15:09:00,460000,461100,社会服务,,,,left_only,only_sw
002665,2021-07-30 00:00:00,630306,2022-10-11 14:52:00,630000,630300,电力设备,,,,left_only,only_sw
002680,2017-05-20 01:32:00,370301,2019-08-09 15:40:00,370000,370300,医药生物,,,,left_only,only_sw
002684,2021-07-30 00:00:00,280303,2021-07-31 16:18:00,280000,280300,汽车,,,,left_only,only_sw
002699,2021-07-30 00:00:00,720601,2021-07-31 16:18:00,720000,720600,传媒,,,,left_only,only_sw
002710,2014-01-08 00:00:00,370601,2015-10-27 15:28:00,370000,370600,医药生物,,,,left_only,only_sw
002711,2021-07-30 00:00:00,420802,2021-07-31 16:18:00,420000,420800,交通运输,,,,left_only,only_sw
002720,2014-01-22 00:00:00,350105,2015-10-27 15:29:00,350000,350100,纺织服饰,,,,left_only,only_sw
002740,2021-07-30 00:00:00,350301,2021-07-31 16:18:00,350000,350300,纺织服饰,,,,left_only,only_sw
002750,2015-01-16 00:03:00,370201,2015-11-05 14:02:00,370000,370200,医药生物,,,,left_only,only_sw
002751,2021-07-30 00:00:00,460803,2021-07-31 16:18:00,460000,460800,社会服务,,,,left_only,only_sw
002770,2021-07-30 00:00:00,340702,2021-07-31 16:18:00,340000,340700,食品饮料,,,,left_only,only_sw
002776,2021-07-30 00:00:00,350209,2021-07-31 16:18:00,350000,350200,纺织服饰,,,,left_only,only_sw
002781,2015-11-05 00:00:00,620201,2019-08-09 15:39:00,620000,620200,建筑装饰,,,,left_only,only_sw
300023,2021-07-30 00:00:00,490302,2021-07-31 16:18:00,490000,490300,非银金融,,,,left_only,only_sw
300028,2014-02-21 00:00:00,730201,2024-09-27 12:41:00,730000,730200,通信,,,,left_only,only_sw
300038,2021-07-30 00:00:00,720501,2021-07-31 16:18:00,720000,720500,传媒,,,,left_only,only_sw
300064,2014-02-21 00:00:00,640103,2024-09-27 12:41:00,640000,640100,机械设备,,,,left_only,only_sw
300089,2021-07-30 00:00:00,461102,2021-07-31 16:18:00,460000,461100,社会服务,,,,left_only,only_sw
300090,2013-01-01 00:00:00,410401,2015-10-27 15:29:00,410000,410400,公用事业,,,,left_only,only_sw
300104,2014-02-21 00:00:00,720301,2024-09-27 12:41:00,720000,720300,传媒,,,,left_only,only_sw
300108,2017-06-29 00:00:00,370201,2020-12-04 14:32:00,370000,370200,医药生物,,,,left_only,only_sw
300114,2021-07-30 00:00:00,650501,2025-01-24 17:33:00,650000,650500,国防军工,,,,left_only,only_sw
300116,2021-07-30 00:00:00,630701,2022-07-11 13:29:00,630000,630700,电力设备,,,,left_only,only_sw
300117,2021-07-30 00:00:00,620404,2023-12-07 10:03:00,620000,620400,建筑装饰,,,,left_only,only_sw
300156,2010-01-27 00:00:00,410401,2015-10-27 15:29:00,410000,410400,公用事业,,,,left_only,only_sw
300178,2021-07-30 00:00:00,461004,2022-02-08 15:57:00,460000,461000,社会服务,,,,left_only,only_sw
300186,2011-10-10 00:00:00,110801,2015-10-27 15:28:00,110000,110800,农林牧渔,,,,left_only,only_sw
300202,2021-07-30 00:00:00,710103,2021-07-31 16:18:00,710000,710100,计算机,,,,left_only,only_sw
300208,2021-07-30 00:00:00,510101,2024-07-29 11:30:00,510000,510100,综合,,,,left_only,only_sw
300216,2019-07-24 00:00:00,640209,2019-08-09 15:39:00,640000,640200,机械设备,,,,left_only,only_sw
300262,2021-07-30 00:00:00,760102,2022-10-11 14:52:00,760000,760100,环保,,,,left_only,only_sw
300273,2021-07-30 00:00:00,370502,2021-07-31 16:18:00,370000,370500,医药生物,,,,left_only,only_sw
300280,2021-07-30 00:00:00,720502,2021-07-31 16:18:00,720000,720500,传媒,,,,left_only,only_sw
300282,2021-07-30 00:00:00,461103,2021-07-31 16:18:00,460000,461100,社会服务,,,,left_only,only_sw
300297,2021-07-30 00:00:00,710301,2021-07-31 16:18:00,710000,710300,计算机,,,,left_only,only_sw
300309,2021-07-30 00:00:00,490307,2021-07-31 16:18:00,490000,490300,非银金融,,,,left_only,only_sw
300312,2021-07-30 00:00:00,730204,2021-07-31 16:18:00,730000,730200,通信,,,,left_only,only_sw
300325,2012-01-22 00:00:00,220501,2015-10-27 15:28:00,220000,220500,基础化工,,,,left_only,only_sw
300330,2021-07-30 00:00:00,710103,2021-07-31 16:18:00,710000,710100,计算机,,,,left_only,only_sw
300336,2021-07-30 00:00:00,720502,2021-07-31 16:18:00,720000,720500,传媒,,,,left_only,only_sw
300356,2021-07-30 00:00:00,630804,2022-10-11 14:52:00,630000,630800,电力设备,,,,left_only,only_sw
300361,2014-01-08 00:00:00,370102,2024-07-19 08:52:00,370000,370100,医药生物,,,,left_only,only_sw
300362,2021-07-30 00:00:00,760102,2021-07-31 16:18:00,760000,760100,环保,,,,left_only,only_sw
300367,2021-07-30 00:00:00,710102,2021-07-31 16:18:00,710000,710100,计算机,,,,left_only,only_sw
300372,2014-02-21 00:00:00,630306,2024-10-08 16:38:00,630000,630300,电力设备,,,,left_only,only_sw
300392,2021-07-30 00:00:00,720501,2021-07-31 16:18:00,720000,720500,传媒,,,,left_only,only_sw
300431,2015-03-09 00:00:00,720301,2015-10-27 15:28:00,720000,720300,传媒,,,,left_only,only_sw
300495,2021-07-30 00:00:00,620307,2021-08-02 13:20:00,620000,620300,建筑装饰,,,,left_only,only_sw
300526,2021-07-30 00:00:00,350205,2021-07-31 16:18:00,350000,350200,纺织服饰,,,,left_only,only_sw
300630,2017-03-10 17:05:00,370102,2020-12-04 14:32:00,370000,370100,医药生物,,,,left_only,only_sw
300646,2017-04-19 16:48:00,220309,2019-08-09 15:39:00,220000,220300,基础化工,,,,left_only,only_sw
300728,2017-11-21 13:45:00,220314,2019-08-09 15:39:00,220000,220300,基础化工,,,,left_only,only_sw
300742,2021-07-30 00:00:00,280203,2022-10-11 14:52:00,280000,280200,汽车,,,,left_only,only_sw
300799,2021-07-30 00:00:00,710402,2021-07-31 16:18:00,710000,710400,计算机,,,,left_only,only_sw
301569,2026-09-18 13:37:00,370102,2026-09-18 13:37:00,370000,370100,医药生物,,,,left_only,only_sw
301660,2026-09-18 13:37:00,270106,2026-09-18 13:37:00,270000,270100,电子,,,,left_only,only_sw
301686,2026-09-11 16:40:00,220503,2026-09-11 16:40:00,220000,220500,基础化工,,,,left_only,only_sw
301716,2026-09-11 16:40:00,270601,2026-09-11 16:40:00,270000,270600,电子,,,,left_only,only_sw
301718,2026-09-24 10:53:00,730206,2026-09-24 10:53:00,730000,730200,通信,,,,left_only,only_sw
600001,1998-01-22 00:00:00,230101,2015-10-27 15:28:00,230000,230100,钢铁,,,,left_only,only_sw
600002,1998-04-08 00:00:00,220101,2015-10-27 15:29:00,220000,220100,基础化工,,,,left_only,only_sw
600003,1999-08-10 00:00:00,420201,2015-10-27 15:28:00,420000,420200,交通运输,,,,left_only,only_sw
600005,1999-08-03 00:00:00,230101,2015-10-27 15:29:00,230000,230100,钢铁,,,,left_only,only_sw
600065,1997-05-23 00:00:00,220101,2015-10-27 15:28:00,220000,220100,基础化工,,,,left_only,only_sw
600068,2021-07-30 00:00:00,620306,2021-08-25 10:04:00,620000,620300,建筑装饰,,,,left_only,only_sw
600069,1997-04-30 00:00:00,360101,2015-10-27 15:28:00,360000,360100,轻工制造,,,,left_only,only_sw
600070,2018-07-13 00:00:00,510101,2024-07-29 11:30:00,510000,510100,综合,,,,left_only,only_sw
600074,2015-04-01 00:00:00,270401,2015-10-27 15:28:00,270000,270400,电子,,,,left_only,only_sw
600077,2016-05-25 00:00:00,430101,2021-01-25 14:38:00,430000,430100,房地产,,,,left_only,only_sw
600083,2011-01-10 00:00:00,510101,2024-07-29 11:30:00,510000,510100,综合,,,,left_only,only_sw
600086,2021-07-30 00:00:00,350301,2021-07-31 16:18:00,350000,350300,纺织服饰,,,,left_only,only_sw
600087,1997-06-12 00:00:00,420601,2015-10-27 15:28:00,420000,420600,交通运输,,,,left_only,only_sw
600090,2021-07-30 00:00:00,370402,2021-07-31 16:18:00,370000,370400,医药生物,,,,left_only,only_sw
600091,1997-07-04 00:00:00,220202,2015-10-27 15:28:00,220000,220200,基础化工,,,,left_only,only_sw
600092,1997-06-26 00:00:00,240101,2015-10-27 15:28:00,240000,240100,有色金属,,,,left_only,only_sw
600093,2021-07-30 00:00:00,490308,2021-07-31 16:18:00,490000,490300,非银金融,,,,left_only,only_sw
600102,1997-08-28 00:00:00,230101,2015-10-27 15:29:00,230000,230100,钢铁,,,,left_only,only_sw
600112,2021-07-30 00:00:00,630801,2022-10-11 14:52:00,630000,630800,电力设备,,,,left_only,only_sw
600122,2014-02-21 00:00:00,450401,2024-09-27 12:41:00,450000,450400,商贸零售,,,,left_only,only_sw
600139,2021-07-30 00:00:00,490305,2022-10-11 14:52:00,490000,490300,非银金融,,,,left_only,only_sw
600145,2019-07-24 00:00:00,450201,2019-08-09 15:40:00,450000,450200,商贸零售,,,,left_only,only_sw
600146,2021-07-30 00:00:00,350209,2021-07-31 16:18:00,350000,350200,纺织服饰,,,,left_only,only_sw
600175,2017-12-11 18:00:00,510101,2019-08-09 15:40:00,510000,510100,综合,,,,left_only,only_sw
600181,2007-07-02 00:00:00,440301,2015-10-27 15:28:00,440000,440300,,,,,left_only,only_sw
600190,2021-07-30 00:00:00,421102,2021-08-02 13:18:00,420000,421100,交通运输,,,,left_only,only_sw
600205,1999-06-30 00:00:00,240101,2015-10-27 15:28:00,240000,240100,有色金属,,,,left_only,only_sw
600209,2014-02-21 00:00:00,620201,2024-09-27 12:41:00,620000,620200,建筑装饰,,,,left_only,only_sw
600213,2021-07-30 00:00:00,280602,2021-08-02 13:17:00,280000,280600,汽车,,,,left_only,only_sw
600220,2021-07-30 00:00:00,350106,2021-07-31 16:18:00,350000,350100,纺织服饰,,,,left_only,only_sw
600225,2022-07-29 00:00:00,710301,2022-07-29 11:54:00,710000,710300,计算机,,,,left_only,only_sw
600240,2006-09-01 00:00:00,430101,2015-10-27 15:29:00,430000,430100,房地产,,,,left_only,only_sw
600242,2021-07-30 00:00:00,720501,2021-07-31 16:18:00,720000,720500,传媒,,,,left_only,only_sw
600247,2021-07-30 00:00:00,450304,2021-07-31 16:18:00,450000,450300,商贸零售,,,,left_only,only_sw
600253,2008-06-02 00:00:00,370101,2015-10-27 15:29:00,370000,370100,医药生物,,,,left_only,only_sw
600260,2021-07-30 00:00:00,730207,2021-07-31 16:18:00,730000,730200,通信,,,,left_only,only_sw
600263,2011-10-10 00:00:00,250204,2015-10-27 15:29:00,250000,250200,,,,,left_only,only_sw
600270,2011-01-10 00:00:00,420801,2015-10-27 15:29:00,420000,420800,交通运输,,,,left_only,only_sw
600275,2018-07-13 00:00:00,110202,2019-08-09 15:39:00,110000,110200,农林牧渔,,,,left_only,only_sw
600277,2017-06-29 00:00:00,220202,2019-08-09 15:39:00,220000,220200,基础化工,,,,left_only,only_sw
600286,1999-12-09 00:00:00,250103,2015-10-27 15:28:00,250000,250100,,,,,left_only,only_sw
600290,2021-07-30 00:00:00,630802,2022-10-11 14:52:00,630000,630800,电力设备,,,,left_only,only_sw
600291,2014-02-21 00:00:00,490201,2024-09-27 12:41:00,490000,490200,非银金融,,,,left_only,only_sw
600296,2000-07-19 00:00:00,240101,2015-10-27 15:28:00,240000,240100,有色金属,,,,left_only,only_sw
600297,2021-07-30 00:00:00,280302,2024-03-14 10:16:00,280000,280300,汽车,,,,left_only,only_sw
600306,2018-04-20 01:43:00,450301,2019-08-09 15:40:00,450000,450300,商贸零售,,,,left_only,only_sw
600311,2014-02-21 00:00:00,240401,2024-09-27 12:41:00,240000,240400,有色金属,,,,left_only,only_sw
600317,2001-01-31 00:00:00,420101,2015-10-27 15:29:00,420000,420100,交通运输,,,,left_only,only_sw
600321,2022-07-29 00:00:00,620404,2023-12-07 10:03:00,620000,620400,建筑装饰,,,,left_only,only_sw
600349,2016-08-23 00:00:00,630404,2018-06-26 11:13:00,630000,630400,电力设备,,,,left_only,only_sw
600357,2002-08-20 00:00:00,230101,2015-10-27 15:28:00,230000,230100,钢铁,,,,left_only,only_sw
600385,2021-07-30 00:00:00,370102,2021-07-31 16:18:00,370000,370100,医药生物,,,,left_only,only_sw
600387,2021-07-30 00:00:00,750302,2021-07-31 16:18:00,750000,750300,石油石化,,,,left_only,only_sw
600393,2001-03-19 00:00:00,430101,2015-10-27 15:28:00,430000,430100,房地产,,,,left_only,only_sw
600401,2014-02-21 00:00:00,630303,2024-09-27 12:41:00,630000,630300,电力设备,,,,left_only,only_sw
600432,2014-02-21 00:00:00,240504,2024-09-27 12:41:00,240000,240500,有色金属,,,,left_only,only_sw
600462,2021-07-30 00:00:00,730206,2021-07-31 16:18:00,730000,730200,通信,,,,left_only,only_sw
600466,2008-06-02 00:00:00,430101,2016-06-23 19:02:00,430000,430100,房地产,,,,left_only,only_sw
600472,2005-04-06 00:00:00,240101,2015-10-27 15:28:00,240000,240100,有色金属,,,,left_only,only_sw
600485,2021-07-30 00:00:00,730103,2021-07-31 16:18:00,730000,730100,通信,,,,left_only,only_sw
600532,2021-07-30 00:00:00,740101,2021-07-31 16:18:00,740000,740100,煤炭,,,,left_only,only_sw
600553,2002-08-22 00:00:00,250102,2015-10-27 15:29:00,250000,250100,,,,,left_only,only_sw
600555,2021-07-30 00:00:00,461004,2021-07-31 16:18:00,460000,461000,社会服务,,,,left_only,only_sw
600565,2011-01-10 00:00:00,430101,2015-10-27 15:28:00,430000,430100,房地产,,,,left_only,only_sw
600591,2002-10-01 00:00:00,420401,2015-10-27 15:28:00,420000,420400,交通运输,,,,left_only,only_sw
600607,1992-03-27 00:00:00,370201,2015-10-27 15:29:00,370000,370200,医药生物,,,,left_only,only_sw
600614,2021-07-30 00:00:00,240504,2021-07-31 16:18:00,240000,240500,有色金属,,,,left_only,only_sw
600625,1993-01-06 00:00:00,330103,2015-10-27 15:28:00,330000,330100,家用电器,,,,left_only,only_sw
600627,1993-01-18 00:00:00,260404,2015-10-27 15:29:00,260000,260400,,,,,left_only,only_sw
600631,1993-02-19 00:00:00,450101,2015-10-27 15:28:00,450000,450100,商贸零售,,,,left_only,only_sw
600632,1993-02-19 00:00:00,450101,2015-10-27 15:29:00,450000,450100,商贸零售,,,,left_only,only_sw
600634,2021-07-30 00:00:00,720401,2021-07-31 16:18:00,720000,720400,传媒,,,,left_only,only_sw
600646,1993-05-04 00:00:00,470201,2015-10-27 15:28:00,470000,470200,,,,,left_only,only_sw
600647,2023-07-04 00:00:00,430101,2023-07-04 15:14:00,430000,430100,房地产,,,,left_only,only_sw
600652,2021-07-30 00:00:00,720401,2021-07-31 16:18:00,720000,720400,传媒,,,,left_only,only_sw
600656,2014-07-01 00:00:00,410401,2015-10-27 15:28:00,410000,410400,公用事业,,,,left_only,only_sw
600659,1993-05-28 00:00:00,510101,2015-10-27 15:28:00,510000,510100,综合,,,,left_only,only_sw
600669,2006-09-01 00:00:00,510101,2015-10-27 15:28:00,510000,510100,综合,,,,left_only,only_sw
600670,1993-08-09 00:00:00,370301,2015-10-27 15:28:00,370000,370300,医药生物,,,,left_only,only_sw
600672,1993-09-17 00:00:00,110601,2015-10-27 15:28:00,110000,110600,农林牧渔,,,,left_only,only_sw
600677,2014-02-21 00:00:00,650101,2024-09-27 12:41:00,650000,650100,国防军工,,,,left_only,only_sw
600680,2017-06-29 00:00:00,730201,2019-05-06 15:53:00,730000,730200,通信,,,,left_only,only_sw
600687,2014-02-21 00:00:00,240401,2024-09-27 12:41:00,240000,240400,有色金属,,,,left_only,only_sw
600695,2021-07-30 00:00:00,490307,2021-07-31 16:18:00,490000,490300,非银金融,,,,left_only,only_sw
600700,1996-04-30 00:00:00,510101,2015-10-27 15:28:00,510000,510100,综合,,,,left_only,only_sw
600701,2017-06-29 00:00:00,710201,2019-08-09 15:39:00,710000,710200,计算机,,,,left_only,only_sw
600705,2021-07-30 00:00:00,490302,2024-04-01 15:27:00,490000,490300,非银金融,,,,left_only,only_sw
600709,1996-06-18 00:00:00,110202,2015-10-27 15:28:00,110000,110200,农林牧渔,,,,left_only,only_sw
600723,2014-02-21 00:00:00,450301,2024-09-27 12:41:00,450000,450300,商贸零售,,,,left_only,only_sw
600747,2017-06-29 00:00:00,510101,2019-08-09 15:40:00,510000,510100,综合,,,,left_only,only_sw
600752,1996-09-25 00:00:00,370501,2015-10-27 15:28:00,370000,370500,医药生物,,,,left_only,only_sw
600762,2007-07-02 00:00:00,210301,2015-10-27 15:28:00,210000,210300,,,,,left_only,only_sw
600766,2022-07-29 00:00:00,510101,2022-07-29 11:54:00,510000,510100,综合,,,,left_only,only_sw
600767,2022-07-29 00:00:00,710301,2022-07-29 11:54:00,710000,710300,计算机,,,,left_only,only_sw
600772,1996-11-04 00:00:00,220103,2015-10-27 15:28:00,220000,220100,基础化工,,,,left_only,only_sw
600781,2019-07-24 00:00:00,370102,2020-12-04 14:32:00,370000,370100,医药生物,,,,left_only,only_sw
600786,1996-12-27 00:00:00,260403,2015-10-27 15:28:00,260000,260400,,,,,left_only,only_sw
600788,1996-12-30 00:00:00,360301,2015-10-27 15:28:00,360000,360300,轻工制造,,,,left_only,only_sw
600799,1999-09-01 00:00:00,470301,2015-10-27 15:28:00,470000,470300,,,,,left_only,only_sw
600804,2021-07-30 00:00:00,730102,2023-02-02 10:25:00,730000,730100,通信,,,,left_only,only_sw
600806,2014-02-21 00:00:00,640101,2024-09-27 12:41:00,640000,640100,机械设备,,,,left_only,only_sw
600811,2022-07-29 00:00:00,450201,2022-10-11 14:53:00,450000,450200,商贸零售,,,,left_only,only_sw
600813,1994-01-14 00:00:00,260202,2015-10-27 15:28:00,260000,260200,,,,,left_only,only_sw
600823,2002-05-01 00:00:00,430101,2015-10-27 15:29:00,430000,430100,房地产,,,,left_only,only_sw
600832,2014-02-21 00:00:00,720104,2024-09-27 12:41:00,720000,720100,传媒,,,,left_only,only_sw
600836,2021-07-30 00:00:00,360202,2021-07-31 16:18:00,360000,360200,轻工制造,,,,left_only,only_sw
600837,2014-02-21 00:00:00,490101,2024-09-27 12:41:00,490000,490100,非银金融,,,,left_only,only_sw
600840,2003-05-01 00:00:00,430101,2015-10-27 15:29:00,430000,430100,房地产,,,,left_only,only_sw
600842,1994-03-11 00:00:00,370102,2015-10-27 15:29:00,370000,370100,医药生物,,,,left_only,only_sw
600852,1994-04-04 00:00:00,250201,2015-10-27 15:28:00,250000,250200,,,,,left_only,only_sw
600856,2021-07-30 00:00:00,750101,2022-03-02 08:56:00,750000,750100,石油石化,,,,left_only,only_sw
600870,2019-07-24 00:00:00,450201,2020-12-04 14:41:00,450000,450200,商贸零售,,,,left_only,only_sw
600878,1995-10-13 00:00:00,510101,2015-10-27 15:28:00,510000,510100,综合,,,,left_only,only_sw
600890,2021-07-30 00:00:00,430102,2021-07-31 16:18:00,430000,430100,房地产,,,,left_only,only_sw
600891,2018-07-13 00:00:00,360304,2019-08-09 15:40:00,360000,360300,轻工制造,,,,left_only,only_sw
600896,2021-07-30 00:00:00,370604,2021-07-31 16:18:00,370000,370600,医药生物,,,,left_only,only_sw
600898,2021-07-30 00:00:00,270504,2021-07-31 16:18:00,270000,270500,电子,,,,left_only,only_sw
600899,1999-09-01 00:00:00,470204,2015-10-27 15:28:00,470000,470200,,,,,left_only,only_sw
600978,2021-07-30 00:00:00,360307,2021-07-31 16:18:00,360000,360300,轻工制造,,,,left_only,only_sw
600991,2004-06-11 00:00:00,310101,2015-10-27 15:28:00,310000,310100,,,,,left_only,only_sw
601028,2024-07-30 12:45:00,240401,2025-01-08 14:36:00,240000,240400,有色金属,,,,left_only,only_sw
601091,2026-09-11 16:40:00,640203,2026-09-11 16:40:00,640000,640200,机械设备,,,,left_only,only_sw
601206,2016-08-23 00:00:00,370501,2020-12-04 14:32:00,370000,370500,医药生物,,,,left_only,only_sw
601258,2021-07-30 00:00:00,280302,2021-07-31 16:18:00,280000,280300,汽车,,,,left_only,only_sw
601268,2021-07-30 00:00:00,640203,2021-07-31 16:18:00,640000,640200,机械设备,,,,left_only,only_sw
601299,2014-02-21 00:00:00,640501,2024-09-27 12:41:00,640000,640500,机械设备,,,,left_only,only_sw
601313,2014-02-21 00:00:00,640204,2024-09-27 12:41:00,640000,640200,机械设备,,,,left_only,only_sw
601558,2014-02-21 00:00:00,630302,2024-09-27 12:41:00,630000,630300,电力设备,,,,left_only,only_sw
601989,2014-02-21 00:00:00,650401,2024-09-27 12:41:00,650000,650400,国防军工,,,,left_only,only_sw
603003,2021-07-30 00:00:00,710301,2021-07-31 16:18:00,710000,710300,计算机,,,,left_only,only_sw
603133,2021-07-30 00:00:00,270504,2021-07-31 16:18:00,270000,270500,电子,,,,left_only,only_sw
603157,2021-07-30 00:00:00,350209,2021-07-31 16:18:00,350000,350200,纺织服饰,,,,left_only,only_sw
603336,2026-09-24 10:53:00,370102,2026-09-24 10:53:00,370000,370100,医药生物,603336.SH,宏辉果蔬,农林牧渔,both,conflict
603361,2023-10-27 00:00:00,640105,2023-10-27 14:02:00,640000,640100,机械设备,,,,left_only,only_sw
603555,2021-07-30 00:00:00,350208,2021-07-31 16:18:00,350000,350200,纺织服饰,,,,left_only,only_sw
603603,2021-07-30 00:00:00,760102,2022-10-11 14:53:00,760000,760100,环保,,,,left_only,only_sw
603963,2017-09-07 14:58:00,370201,2020-12-04 14:32:00,370000,370200,医药生物,,,,left_only,only_sw
603996,2021-07-30 00:00:00,270503,2021-07-31 16:18:00,270000,270500,电子,,,,left_only,only_sw
688086,2021-07-30 00:00:00,710103,2021-07-31 16:18:00,710000,710100,计算机,,,,left_only,only_sw
688328,2026-09-24 10:53:00,270108,2026-09-24 10:53:00,270000,270100,电子,688328.SH,深科达,机械设备,both,conflict
688555,2021-07-30 00:00:00,710401,2021-07-31 16:18:00,710000,710400,计算机,,,,left_only,only_sw
688801,2026-08-28 12:56:00,270104,2026-08-28 12:56:00,270000,270100,电子,,,,left_only,only_sw
688837,2026-08-28 12:56:00,370304,2026-08-28 12:56:00,370000,370300,医药生物,,,,left_only,only_sw
832317,2020-07-27 00:00:00,650201,2021-12-14 13:59:00,650000,650200,国防军工,,,,left_only,only_sw
833874,2021-07-30 00:00:00,280203,2024-10-09 16:10:00,280000,280200,汽车,,,,left_only,only_sw
833994,2020-07-27 00:00:00,270301,2021-12-14 13:59:00,270000,270300,电子,,,,left_only,only_sw
874090,2023-08-21 00:00:00,370304,2023-08-21 11:01:00,370000,370300,医药生物,,,,left_only,only_sw
920000,2021-07-30 00:00:00,280203,2025-10-10 11:17:00,280000,280200,汽车,,,,left_only,only_sw
920001,2022-12-27 00:00:00,270301,2025-10-10 11:17:00,270000,270300,电子,,,,left_only,only_sw
920002,2024-06-14 00:00:00,640108,2025-02-19 17:18:00,640000,640100,机械设备,,,,left_only,only_sw
920003,2025-11-06 12:01:00,620601,2026-04-27 14:53:00,620000,620600,建筑装饰,,,,left_only,only_sw
920005,2025-07-24 17:36:00,270504,2025-10-15 10:57:00,270000,270500,电子,,,,left_only,only_sw
920006,2023-05-30 00:00:00,650201,2025-10-10 11:17:00,650000,650200,国防军工,,,,left_only,only_sw
920007,2025-08-06 11:03:00,630504,2025-10-15 10:57:00,630000,630500,电力设备,,,,left_only,only_sw
920008,2024-08-21 09:37:00,650501,2025-02-19 17:18:00,650000,650500,国防军工,,,,left_only,only_sw
920009,2025-10-24 09:48:00,370504,2026-04-27 14:53:00,370000,370500,医药生物,,,,left_only,only_sw
920010,2020-07-27 00:00:00,410301,2025-10-10 11:17:00,410000,410300,公用事业,,,,left_only,only_sw
920011,2026-03-27 09:44:00,630101,2026-04-27 14:53:00,630000,630100,电力设备,,,,left_only,only_sw
920012,2026-04-10 15:49:00,270103,2026-04-27 14:53:00,270000,270100,电子,,,,left_only,only_sw
920014,2022-12-14 00:00:00,410301,2025-10-10 11:17:00,410000,410300,公用事业,,,,left_only,only_sw
920015,2025-09-25 15:06:00,220316,2026-04-13 09:53:00,220000,220300,基础化工,,,,left_only,only_sw
920016,2024-09-18 17:40:00,220315,2025-02-19 17:18:00,220000,220300,基础化工,,,,left_only,only_sw
920017,2023-05-30 00:00:00,370102,2025-10-10 11:17:00,370000,370100,医药生物,,,,left_only,only_sw
920018,2025-08-21 18:25:00,630805,2025-10-15 10:57:00,630000,630800,电力设备,,,,left_only,only_sw
920019,2024-09-18 17:40:00,620404,2025-02-19 17:18:00,620000,620400,建筑装饰,,,,left_only,only_sw
920020,2025-10-24 09:48:00,280204,2026-04-27 14:53:00,280000,280200,汽车,,,,left_only,only_sw
920021,2021-07-30 00:00:00,721001,2025-10-10 11:17:00,720000,721000,传媒,,,,left_only,only_sw
920022,2025-09-09 09:49:00,280203,2025-10-15 10:57:00,280000,280200,汽车,,,,left_only,only_sw
920023,2023-02-13 00:00:00,110501,2025-10-10 11:17:00,110000,110500,农林牧渔,,,,left_only,only_sw
920025,2026-09-18 14:11:00,640209,2026-09-18 14:11:00,640000,640200,机械设备,,,,left_only,only_sw
920026,2023-10-30 00:00:00,640209,2025-10-10 11:17:00,640000,640200,机械设备,,,,left_only,only_sw
920027,2025-05-27 13:37:00,640501,2025-10-15 10:57:00,640000,640500,机械设备,,,,left_only,only_sw
920028,2026-03-17 09:58:00,220501,2026-04-27 14:53:00,220000,220500,基础化工,,,,left_only,only_sw
920029,2025-03-24 10:08:00,630804,2025-10-15 10:57:00,630000,630800,电力设备,,,,left_only,only_sw
920030,2021-07-30 00:00:00,280302,2025-10-10 11:17:00,280000,280300,汽车,,,,left_only,only_sw
920033,2022-12-14 00:00:00,220309,2025-10-10 11:17:00,220000,220300,基础化工,,,,left_only,only_sw
920035,2025-11-26 17:49:00,640107,2026-04-27 14:53:00,640000,640100,机械设备,,,,left_only,only_sw
920036,2026-02-27 09:46:00,710102,2026-04-27 14:53:00,710000,710100,计算机,,,,left_only,only_sw
920037,2025-06-26 15:53:00,630805,2025-08-11 12:50:00,630000,630800,电力设备,,,,left_only,only_sw
920038,2026-08-04 17:07:00,220309,2026-08-04 17:07:00,220000,220300,基础化工,,,,left_only,only_sw
920039,2021-08-18 00:00:00,460804,2025-10-10 11:17:00,460000,460800,社会服务,,,,left_only,only_sw
920045,2025-12-29 09:22:00,730204,2025-12-29 09:22:00,730000,730200,通信,,,,left_only,only_sw
920046,2022-10-26 00:00:00,630801,2025-10-10 11:17:00,630000,630800,电力设备,,,,left_only,only_sw
920047,2021-07-30 00:00:00,370304,2025-10-10 11:17:00,370000,370300,医药生物,,,,left_only,only_sw
920050,2026-01-14 12:10:00,370503,2026-04-27 14:53:00,370000,370500,医药生物,,,,left_only,only_sw
920055,2026-03-27 09:44:00,280203,2026-04-27 14:53:00,280000,280200,汽车,,,,left_only,only_sw
920056,2025-08-21 18:25:00,220501,2025-10-15 10:57:00,220000,220500,基础化工,,,,left_only,only_sw
920057,2023-03-17 00:00:00,620401,2025-10-10 11:17:00,620000,620400,建筑装饰,,,,left_only,only_sw
920058,2023-08-16 00:00:00,280402,2025-10-10 11:17:00,280000,280400,汽车,,,,left_only,only_sw
920059,2026-08-19 13:25:00,280202,2026-08-19 13:25:00,280000,280200,汽车,,,,left_only,only_sw
920060,2024-11-12 09:55:00,270202,2025-02-19 17:18:00,270000,270200,电子,,,,left_only,only_sw
920061,2024-01-17 00:00:00,640209,2025-10-10 11:17:00,640000,640200,机械设备,,,,left_only,only_sw
920062,2022-07-17 00:00:00,630801,2025-10-10 11:17:00,630000,630800,电力设备,,,,left_only,only_sw
920065,2026-07-22 14:48:00,450602,2026-07-22 14:48:00,450000,450600,商贸零售,,,,left_only,only_sw
920066,2024-10-29 16:18:00,220503,2025-02-19 17:18:00,220000,220500,基础化工,,,,left_only,only_sw
920068,2025-05-06 17:29:00,240504,2025-10-15 10:57:00,240000,240500,有色金属,,,,left_only,only_sw
920069,2026-03-27 09:44:00,370503,2026-04-27 14:53:00,370000,370500,医药生物,,,,left_only,only_sw
920071,2026-08-19 13:25:00,240504,2026-08-19 13:25:00,240000,240500,有色金属,,,,left_only,only_sw
920072,2026-06-26 13:31:00,370503,2026-06-26 13:31:00,370000,370500,医药生物,,,,left_only,only_sw
920075,2022-12-14 00:00:00,360205,2025-10-10 11:17:00,360000,360200,轻工制造,,,,left_only,only_sw
920076,2026-01-14 12:10:00,610301,2026-04-27 14:53:00,610000,610300,建筑材料,,,,left_only,only_sw
920077,2021-08-31 00:00:00,220404,2025-10-10 11:17:00,220000,220400,基础化工,,,,left_only,only_sw
920078,2026-03-17 09:58:00,240201,2026-04-27 14:53:00,240000,240200,有色金属,,,,left_only,only_sw
920079,2026-07-08 13:02:00,280202,2026-07-08 13:02:00,280000,280200,汽车,,,,left_only,only_sw
920080,2025-09-25 15:06:00,640209,2025-10-15 10:57:00,640000,640200,机械设备,,,,left_only,only_sw
920081,2026-07-08 13:02:00,330302,2026-07-08 13:02:00,330000,330300,家用电器,,,,left_only,only_sw
920082,2024-12-24 10:48:00,640108,2025-02-19 17:18:00,640000,640100,机械设备,,,,left_only,only_sw
920083,2026-06-05 14:58:00,220901,2026-06-05 14:58:00,220000,220900,基础化工,,,,left_only,only_sw
920086,2026-01-14 12:10:00,280203,2026-04-27 14:53:00,280000,280200,汽车,,,,left_only,only_sw
920087,2022-12-06 00:00:00,110101,2025-10-10 11:17:00,110000,110100,农林牧渔,,,,left_only,only_sw
920088,2024-10-29 16:18:00,750201,2025-02-19 17:18:00,750000,750200,石油石化,,,,left_only,only_sw
920089,2021-11-09 00:00:00,220503,2025-10-10 11:17:00,220000,220500,基础化工,,,,left_only,only_sw
920090,2023-04-10 00:00:00,710103,2025-10-10 11:17:00,710000,710100,计算机,,,,left_only,only_sw
920091,2025-11-06 12:01:00,640209,2026-04-27 14:53:00,640000,640200,机械设备,,,,left_only,only_sw
920092,2023-04-10 00:00:00,710301,2025-10-10 11:17:00,710000,710300,计算机,,,,left_only,only_sw
920093,2026-08-19 13:25:00,640206,2026-08-19 13:25:00,640000,640200,机械设备,,,,left_only,only_sw
920096,2026-05-15 11:34:00,640704,2026-05-15 11:34:00,640000,640700,机械设备,,,,left_only,only_sw
920098,2024-11-25 11:14:00,220602,2025-02-19 17:18:00,220000,220600,基础化工,,,,left_only,only_sw
920099,2024-09-18 17:40:00,220309,2024-12-13 08:54:00,220000,220300,基础化工,,,,left_only,only_sw
920100,2025-09-09 09:49:00,630101,2025-10-15 10:57:00,630000,630100,电力设备,,,,left_only,only_sw
920101,2025-08-06 11:03:00,640601,2025-10-15 10:57:00,640000,640600,机械设备,,,,left_only,only_sw
920106,2024-12-24 10:48:00,280203,2025-06-19 07:29:00,280000,280200,汽车,,,,left_only,only_sw
920107,2026-08-04 17:07:00,220305,2026-08-04 17:07:00,220000,220300,基础化工,,,,left_only,only_sw
920108,2025-02-25 14:24:00,330601,2025-02-25 14:24:00,330000,330600,家用电器,,,,left_only,only_sw
920110,2022-12-06 00:00:00,630306,2025-10-10 11:17:00,630000,630300,电力设备,,,,left_only,only_sw
920111,2024-10-29 16:18:00,630802,2025-02-19 17:18:00,630000,630800,电力设备,,,,left_only,only_sw
920112,2025-08-21 18:25:00,640209,2025-10-15 10:57:00,640000,640200,机械设备,,,,left_only,only_sw
920116,2024-12-24 10:48:00,710301,2025-02-19 17:18:00,710000,710300,计算机,,,,left_only,only_sw
920117,2026-07-08 13:02:00,630703,2026-07-08 13:02:00,630000,630700,电力设备,,,,left_only,only_sw
920118,2024-08-21 09:37:00,630805,2025-02-19 17:18:00,630000,630800,电力设备,,,,left_only,only_sw
920119,2026-01-26 13:26:00,630703,2026-04-27 14:53:00,630000,630700,电力设备,,,,left_only,only_sw
920121,2025-12-29 09:22:00,360205,2026-04-27 14:53:00,360000,360200,轻工制造,,,,left_only,only_sw
920122,2022-09-30 00:00:00,460802,2025-10-10 11:17:00,460000,460800,社会服务,,,,left_only,only_sw
920123,2024-04-11 00:00:00,770201,2025-10-10 11:17:00,770000,770200,美容护理,,,,left_only,only_sw
920124,2025-11-26 17:49:00,330601,2026-04-27 14:53:00,330000,330600,家用电器,,,,left_only,only_sw
920125,2026-04-22 10:18:00,640704,2026-07-13 11:08:00,640000,640700,机械设备,,,,left_only,only_sw
920126,2026-06-05 14:58:00,640203,2026-06-05 14:58:00,640000,640200,机械设备,,,,left_only,only_sw
920128,2024-11-25 11:14:00,270203,2025-02-19 17:18:00,270000,270200,电子,,,,left_only,only_sw
920130,2023-11-20 00:00:00,710301,2025-10-10 11:17:00,710000,710300,计算机,,,,left_only,only_sw
920132,2023-11-20 00:00:00,360307,2025-10-10 11:17:00,360000,360300,轻工制造,,,,left_only,only_sw
920136,2026-06-26 13:31:00,280203,2026-06-26 13:31:00,280000,280200,汽车,,,,left_only,only_sw
920138,2026-08-04 17:07:00,270104,2026-08-04 17:07:00,270000,270100,电子,,,,left_only,only_sw
920139,2022-09-30 00:00:00,270107,2025-10-10 11:17:00,270000,270100,电子,,,,left_only,only_sw
920145,2021-11-15 00:00:00,760201,2025-10-10 11:17:00,760000,760200,环保,,,,left_only,only_sw
920146,2021-07-30 00:00:00,280203,2025-10-10 11:17:00,280000,280200,汽车,,,,left_only,only_sw
920149,2021-07-30 00:00:00,620601,2025-10-10 11:17:00,620000,620600,建筑装饰,,,,left_only,only_sw
920152,2022-08-29 00:00:00,630703,2025-11-30 10:59:00,630000,630700,电力设备,,,,left_only,only_sw
920156,2026-04-22 10:18:00,640209,2026-04-27 14:53:00,640000,640200,机械设备,,,,left_only,only_sw
920157,2026-09-18 14:11:00,730204,2026-09-18 14:11:00,730000,730200,通信,,,,left_only,only_sw
920158,2025-09-25 15:06:00,640203,2025-10-15 10:57:00,640000,640200,机械设备,,,,left_only,only_sw
920159,2026-01-26 13:26:00,220805,2026-04-27 14:53:00,220000,220800,基础化工,,,,left_only,only_sw
920160,2025-11-06 12:01:00,460802,2026-04-27 14:53:00,460000,460800,社会服务,,,,left_only,only_sw
920161,2026-05-27 11:31:00,270203,2026-05-27 11:31:00,270000,270200,电子,,,,left_only,only_sw
920163,2021-07-30 00:00:00,360206,2025-10-10 11:17:00,360000,360200,轻工制造,,,,left_only,only_sw
920165,2026-08-04 17:07:00,770201,2026-08-04 17:07:00,770000,770200,美容护理,,,,left_only,only_sw
920166,2026-02-10 14:23:00,370503,2026-04-27 14:53:00,370000,370500,医药生物,,,,left_only,only_sw
920167,2021-07-30 00:00:00,630504,2025-10-10 11:17:00,630000,630500,电力设备,,,,left_only,only_sw
920168,2026-02-10 14:23:00,280202,2026-04-27 14:53:00,280000,280200,汽车,,,,left_only,only_sw
920169,2022-04-22 00:00:00,640108,2025-10-10 11:17:00,640000,640100,机械设备,,,,left_only,only_sw
920171,2021-11-15 00:00:00,710301,2025-10-10 11:17:00,710000,710300,计算机,,,,left_only,only_sw
920174,2023-04-10 00:00:00,640601,2025-10-10 11:17:00,640000,640600,机械设备,,,,left_only,only_sw
920175,2023-07-10 00:00:00,220901,2025-10-10 11:17:00,220000,220900,基础化工,,,,left_only,only_sw
920176,2026-07-22 14:48:00,770201,2026-07-22 14:48:00,770000,770200,美容护理,,,,left_only,only_sw
920177,2026-04-10 15:49:00,640209,2026-04-27 14:53:00,640000,640200,机械设备,,,,left_only,only_sw
920178,2026-05-15 11:34:00,640704,2026-06-15 13:43:00,640000,640700,机械设备,,,,left_only,only_sw
920179,2023-04-10 00:00:00,270103,2025-10-10 11:17:00,270000,270100,电子,,,,left_only,only_sw
920180,2026-02-10 14:23:00,370503,2026-04-27 14:53:00,370000,370500,医药生物,,,,left_only,only_sw
920181,2026-04-10 15:49:00,270401,2026-04-27 14:53:00,270000,270400,电子,,,,left_only,only_sw
920183,2026-02-27 09:46:00,270503,2026-04-27 14:53:00,270000,270500,电子,,,,left_only,only_sw
920184,2023-04-10 00:00:00,710301,2025-10-10 11:17:00,710000,710300,计算机,,,,left_only,only_sw
920185,2021-07-30 00:00:00,630702,2025-10-10 11:17:00,630000,630700,电力设备,,,,left_only,only_sw
920186,2026-04-22 10:18:00,270108,2026-04-22 10:18:00,270000,270100,电子,,,,left_only,only_sw
920187,2026-02-27 09:46:00,280202,2026-04-27 14:53:00,280000,280200,汽车,,,,left_only,only_sw
920188,2026-03-17 09:58:00,220602,2026-04-27 14:53:00,220000,220600,基础化工,,,,left_only,only_sw
920189,2026-07-08 13:02:00,270103,2026-07-08 13:02:00,270000,270100,电子,,,,left_only,only_sw
920190,2022-12-27 00:00:00,710103,2025-10-10 11:17:00,710000,710100,计算机,,,,left_only,only_sw
920191,2026-04-10 15:49:00,610301,2026-04-27 14:53:00,610000,610300,建筑材料,,,,left_only,only_sw
920193,2026-06-26 13:31:00,220309,2026-06-26 13:31:00,220000,220300,基础化工,,,,left_only,only_sw
920195,2022-12-27 00:00:00,280203,2025-10-10 11:17:00,280000,280200,汽车,,,,left_only,only_sw
920198,2021-07-30 00:00:00,710102,2025-10-10 11:17:00,710000,710100,计算机,,,,left_only,only_sw
920199,2022-12-06 00:00:00,330303,2025-10-10 11:17:00,330000,330300,家用电器,,,,left_only,only_sw
920200,2026-04-22 10:18:00,630602,2026-04-27 14:53:00,630000,630600,电力设备,,,,left_only,only_sw
920201,2026-09-18 14:11:00,370503,2026-09-18 14:11:00,370000,370500,医药生物,,,,left_only,only_sw
920202,2026-09-18 14:11:00,280203,2026-09-18 14:11:00,280000,280200,汽车,,,,left_only,only_sw
920204,2021-12-30 00:00:00,360204,2025-10-10 11:17:00,360000,360200,轻工制造,,,,left_only,only_sw
920206,2026-05-27 11:31:00,220305,2026-05-27 11:31:00,220000,220300,基础化工,,,,left_only,only_sw
920207,2022-09-30 00:00:00,710401,2025-10-10 11:17:00,710000,710400,计算机,,,,left_only,only_sw
920208,2023-04-07 00:00:00,620601,2025-10-10 11:17:00,620000,620600,建筑装饰,,,,left_only,only_sw
920211,2026-05-27 11:31:00,640702,2026-05-27 11:31:00,640000,640700,机械设备,,,,left_only,only_sw
920212,2021-07-30 00:00:00,270504,2025-10-10 11:17:00,270000,270500,电子,,,,left_only,only_sw
920218,2026-05-27 11:31:00,360311,2026-05-27 11:31:00,360000,360300,轻工制造,,,,left_only,only_sw
920220,2026-05-15 11:34:00,280203,2026-05-15 11:34:00,280000,280200,汽车,,,,left_only,only_sw
920221,2023-05-30 00:00:00,280205,2025-10-10 11:17:00,280000,280200,汽车,,,,left_only,only_sw
920222,2026-06-26 13:31:00,630801,2026-06-26 13:31:00,630000,630800,电力设备,,,,left_only,only_sw
920223,2023-04-10 00:00:00,640108,2025-10-10 11:17:00,640000,640100,机械设备,,,,left_only,only_sw
920225,2021-02-25 00:00:00,220602,2025-10-10 11:17:00,220000,220600,基础化工,,,,left_only,only_sw
920227,2022-12-27 00:00:00,710301,2025-10-10 11:17:00,710000,710300,计算机,,,,left_only,only_sw
920229,2026-09-18 14:11:00,640206,2026-09-18 14:11:00,640000,640200,机械设备,,,,left_only,only_sw
920230,2022-12-06 00:00:00,370101,2025-10-10 11:17:00,370000,370100,医药生物,,,,left_only,only_sw
920237,2022-11-23 00:00:00,630701,2025-10-10 11:17:00,630000,630700,电力设备,,,,left_only,only_sw
920238,2026-07-22 14:48:00,640108,2026-07-22 14:48:00,640000,640100,机械设备,,,,left_only,only_sw
920239,2021-07-30 00:00:00,630701,2025-10-10 11:17:00,630000,630700,电力设备,,,,left_only,only_sw
920242,2021-07-30 00:00:00,280203,2025-10-10 11:17:00,280000,280200,汽车,,,,left_only,only_sw
920245,2021-12-20 00:00:00,640602,2025-10-10 11:17:00,640000,640600,机械设备,,,,left_only,only_sw
920247,2022-12-27 00:00:00,280205,2025-10-10 11:17:00,280000,280200,汽车,,,,left_only,only_sw
920249,2023-02-24 00:00:00,730206,2025-10-10 11:17:00,730000,730200,通信,,,,left_only,only_sw
920252,2022-01-09 00:00:00,630701,2025-10-10 11:17:00,630000,630700,电力设备,,,,left_only,only_sw
920258,2026-07-22 14:48:00,220309,2026-07-22 14:48:00,220000,220300,基础化工,,,,left_only,only_sw
920260,2021-11-15 00:00:00,640108,2025-10-10 11:17:00,640000,640100,机械设备,,,,left_only,only_sw
920261,2023-04-07 00:00:00,220313,2025-10-10 11:17:00,220000,220300,基础化工,,,,left_only,only_sw
920262,2022-12-27 00:00:00,350206,2025-10-10 11:17:00,350000,350200,纺织服饰,,,,left_only,only_sw
920263,2021-07-30 00:00:00,760101,2025-10-10 11:17:00,760000,760100,环保,,,,left_only,only_sw
920266,2020-07-27 00:00:00,370201,2025-10-10 11:17:00,370000,370200,医药生物,,,,left_only,only_sw
920267,2022-05-13 00:00:00,270504,2025-10-10 11:17:00,270000,270500,电子,,,,left_only,only_sw
920268,2026-09-02 16:48:00,370503,2026-09-02 16:48:00,370000,370500,医药生物,,,,left_only,only_sw
920269,2026-09-02 16:48:00,280203,2026-09-02 16:48:00,280000,280200,汽车,,,,left_only,only_sw
920270,2022-08-29 00:00:00,280202,2025-10-10 11:17:00,280000,280200,汽车,,,,left_only,only_sw
920271,2022-06-08 00:00:00,280203,2025-10-10 11:17:00,280000,280200,汽车,,,,left_only,only_sw
920273,2024-11-12 10:16:00,110504,2025-10-10 11:17:00,110000,110500,农林牧渔,,,,left_only,only_sw
920274,2023-08-16 00:00:00,360204,2025-10-10 11:17:00,360000,360200,轻工制造,,,,left_only,only_sw
920275,2021-01-25 00:00:00,110801,2025-10-10 11:17:00,110000,110800,农林牧渔,,,,left_only,only_sw
920278,2021-07-30 00:00:00,370502,2025-10-10 11:17:00,370000,370500,医药生物,,,,left_only,only_sw
920284,2023-12-20 00:00:00,640209,2025-10-10 11:17:00,640000,640200,机械设备,,,,left_only,only_sw
920288,2026-08-19 13:25:00,360103,2026-08-19 13:25:00,360000,360100,轻工制造,,,,left_only,only_sw
920289,2026-09-02 16:48:00,630703,2026-09-02 16:48:00,630000,630700,电力设备,,,,left_only,only_sw
920298,2026-09-02 16:48:00,640108,2026-09-02 16:48:00,640000,640100,机械设备,,,,left_only,only_sw
920299,2022-06-08 00:00:00,630803,2025-10-10 11:17:00,630000,630800,电力设备,,,,left_only,only_sw
920300,2022-12-06 00:00:00,370502,2025-10-10 11:17:00,370000,370500,医药生物,,,,left_only,only_sw
920304,2023-04-27 00:00:00,220204,2025-12-09 16:02:00,220000,220200,基础化工,,,,left_only,only_sw
920305,2023-04-10 00:00:00,710301,2025-10-10 11:17:00,710000,710300,计算机,,,,left_only,only_sw
920339,2022-11-23 00:00:00,330501,2025-10-10 11:17:00,330000,330500,家用电器,,,,left_only,only_sw
920344,2021-07-30 00:00:00,370304,2025-10-10 11:17:00,370000,370300,医药生物,,,,left_only,only_sw
920346,2022-02-08 00:00:00,270504,2025-10-10 11:17:00,270000,270500,电子,,,,left_only,only_sw
920351,2022-12-27 00:00:00,420805,2025-10-10 11:17:00,420000,420800,交通运输,,,,left_only,only_sw
920357,2022-11-23 00:00:00,270504,2025-10-10 11:17:00,270000,270500,电子,,,,left_only,only_sw
920363,2024-01-17 00:00:00,640107,2025-10-10 11:17:00,640000,640100,机械设备,,,,left_only,only_sw
920367,2023-02-13 00:00:00,370101,2025-10-10 11:17:00,370000,370100,医药生物,,,,left_only,only_sw
920368,2021-07-30 00:00:00,630505,2025-10-10 11:17:00,630000,630500,电力设备,,,,left_only,only_sw
920370,2021-07-30 00:00:00,760103,2025-10-10 11:17:00,760000,760100,环保,,,,left_only,only_sw
920371,2022-01-09 00:00:00,110504,2025-12-15 13:02:00,110000,110500,农林牧渔,,,,left_only,only_sw
920374,2022-12-06 00:00:00,730207,2025-10-10 11:17:00,730000,730200,通信,,,,left_only,only_sw
920375,2023-12-20 00:00:00,630803,2025-10-10 11:17:00,630000,630800,电力设备,,,,left_only,only_sw
920378,2022-06-08 00:00:00,280203,2025-10-10 11:17:00,280000,280200,汽车,,,,left_only,only_sw
920392,2022-12-27 00:00:00,360205,2025-10-10 11:17:00,360000,360200,轻工制造,,,,left_only,only_sw
920394,2023-04-12 00:00:00,360103,2025-10-10 11:17:00,360000,360100,轻工制造,,,,left_only,only_sw
920395,2022-08-29 00:00:00,640204,2025-10-10 11:17:00,640000,640200,机械设备,,,,left_only,only_sw
920396,2021-07-30 00:00:00,640704,2025-10-10 11:17:00,640000,640700,机械设备,,,,left_only,only_sw
920402,2024-11-12 10:16:00,220309,2025-10-10 11:17:00,220000,220300,基础化工,,,,left_only,only_sw
920403,2024-01-17 00:00:00,110101,2025-10-10 11:17:00,110000,110100,农林牧渔,,,,left_only,only_sw
920405,2021-11-05 00:00:00,640702,2025-10-10 11:17:00,640000,640700,机械设备,,,,left_only,only_sw
920407,2023-02-13 00:00:00,640107,2025-10-10 11:17:00,640000,640100,机械设备,,,,left_only,only_sw
920414,2022-12-06 00:00:00,630505,2025-10-10 11:17:00,630000,630500,电力设备,,,,left_only,only_sw
920415,2021-07-30 00:00:00,710401,2025-10-10 11:17:00,710000,710400,计算机,,,,left_only,only_sw
920418,2021-07-30 00:00:00,280203,2025-10-10 11:17:00,280000,280200,汽车,,,,left_only,only_sw
920419,2022-02-24 00:00:00,110404,2025-10-10 11:17:00,110000,110400,农林牧渔,,,,left_only,only_sw
920422,2023-02-24 00:00:00,220315,2025-10-10 11:17:00,220000,220300,基础化工,,,,left_only,only_sw
920425,2023-04-10 00:00:00,640702,2025-10-10 11:17:00,640000,640700,机械设备,,,,left_only,only_sw
920427,2021-07-30 00:00:00,620601,2025-10-10 11:17:00,620000,620600,建筑装饰,,,,left_only,only_sw
920429,2022-12-14 00:00:00,340407,2025-10-10 11:17:00,340000,340400,食品饮料,,,,left_only,only_sw
920433,2020-07-27 00:00:00,370201,2025-10-10 11:17:00,370000,370200,医药生物,,,,left_only,only_sw
920436,2021-11-15 00:00:00,280206,2025-10-10 11:17:00,280000,280200,汽车,,,,left_only,only_sw
920438,2024-03-12 00:00:00,270303,2025-10-10 11:17:00,270000,270300,电子,,,,left_only,only_sw
920445,2021-07-30 00:00:00,360308,2025-10-10 11:17:00,360000,360300,轻工制造,,,,left_only,only_sw
920454,2021-11-15 00:00:00,280203,2025-10-10 11:17:00,280000,280200,汽车,,,,left_only,only_sw
920455,2023-07-10 00:00:00,640209,2025-10-10 11:17:00,640000,640200,机械设备,,,,left_only,only_sw
920469,2023-09-20 00:00:00,220503,2025-10-10 11:17:00,220000,220500,基础化工,,,,left_only,only_sw
920471,2023-05-30 00:00:00,220309,2025-10-10 11:17:00,220000,220300,基础化工,,,,left_only,only_sw
920475,2020-07-27 00:00:00,640209,2025-10-10 11:17:00,640000,640200,机械设备,,,,left_only,only_sw
920476,2022-10-26 00:00:00,640107,2025-10-10 11:17:00,640000,640100,机械设备,,,,left_only,only_sw
920478,2023-02-24 00:00:00,370101,2025-10-10 11:17:00,370000,370100,医药生物,,,,left_only,only_sw
920489,2020-07-27 00:00:00,220204,2025-10-10 11:17:00,220000,220200,基础化工,,,,left_only,only_sw
920491,2023-08-09 00:00:00,270203,2025-10-10 11:17:00,270000,270200,电子,,,,left_only,only_sw
920493,2023-10-30 00:00:00,710301,2025-10-10 11:17:00,710000,710300,计算机,,,,left_only,only_sw
920496,2024-02-29 00:00:00,630801,2025-10-10 11:17:00,630000,630800,电力设备,,,,left_only,only_sw
920504,2023-08-16 00:00:00,370502,2025-10-10 11:17:00,370000,370500,医药生物,,,,left_only,only_sw
920505,2022-12-27 00:00:00,640108,2025-10-10 11:17:00,640000,640100,机械设备,,,,left_only,only_sw
920508,2023-04-10 00:00:00,630803,2025-10-10 11:17:00,630000,630800,电力设备,,,,left_only,only_sw
920509,2021-07-30 00:00:00,640107,2025-10-10 11:17:00,640000,640100,机械设备,,,,left_only,only_sw
920510,2023-04-10 00:00:00,640108,2026-08-11 18:57:00,640000,640100,机械设备,,,,left_only,only_sw
920519,2023-09-20 00:00:00,220309,2025-10-10 11:17:00,220000,220300,基础化工,,,,left_only,only_sw
920522,2023-11-20 00:00:00,630703,2025-10-10 11:17:00,630000,630700,电力设备,,,,left_only,only_sw
920523,2021-07-30 00:00:00,630701,2025-10-10 11:17:00,630000,630700,电力设备,,,,left_only,only_sw
920526,2022-12-27 00:00:00,270601,2025-10-10 11:17:00,270000,270600,电子,,,,left_only,only_sw
920527,2023-08-09 00:00:00,350105,2025-10-10 11:17:00,350000,350100,纺织服饰,,,,left_only,only_sw
920533,2023-04-10 00:00:00,280202,2025-10-10 11:17:00,280000,280200,汽车,,,,left_only,only_sw
920541,2023-02-24 00:00:00,640501,2025-10-10 11:17:00,640000,640500,机械设备,,,,left_only,only_sw
920547,2023-12-20 00:00:00,370304,2025-10-10 11:17:00,370000,370300,医药生物,,,,left_only,only_sw
920553,2023-04-10 00:00:00,640208,2025-10-10 11:17:00,640000,640200,机械设备,,,,left_only,only_sw
920556,2023-03-17 00:00:00,630804,2025-10-10 11:17:00,630000,630800,电力设备,,,,left_only,only_sw
920564,2023-04-10 00:00:00,710301,2025-10-10 11:17:00,710000,710300,计算机,,,,left_only,only_sw
920566,2021-08-13 00:00:00,370102,2025-10-10 11:17:00,370000,370100,医药生物,,,,left_only,only_sw
920570,2023-11-20 00:00:00,640106,2025-10-10 11:17:00,640000,640100,机械设备,,,,left_only,only_sw
920571,2022-12-14 00:00:00,421101,2025-10-10 11:17:00,420000,421100,交通运输,,,,left_only,only_sw
920575,2023-03-17 00:00:00,370303,2026-08-20 14:06:00,370000,370300,医药生物,,,,left_only,only_sw
920576,2023-07-10 00:00:00,240201,2025-10-10 11:17:00,240000,240200,有色金属,,,,left_only,only_sw
920578,2023-04-27 00:00:00,640701,2025-10-10 11:17:00,640000,640700,机械设备,,,,left_only,only_sw
920579,2023-12-20 00:00:00,640701,2025-10-10 11:17:00,640000,640700,机械设备,,,,left_only,only_sw
920580,2022-05-13 00:00:00,610301,2025-10-10 11:17:00,610000,610300,建筑材料,,,,left_only,only_sw
920592,2023-07-10 00:00:00,710401,2025-10-10 11:17:00,710000,710400,计算机,,,,left_only,only_sw
920593,2023-04-07 00:00:00,640701,2025-10-10 11:17:00,640000,640700,机械设备,,,,left_only,only_sw
920599,2021-07-30 00:00:00,640601,2025-10-10 11:17:00,640000,640600,机械设备,,,,left_only,only_sw
920608,2022-12-14 00:00:00,640207,2025-10-10 11:17:00,640000,640200,机械设备,,,,left_only,only_sw
920627,2023-09-20 00:00:00,630705,2025-10-10 11:17:00,630000,630700,电力设备,,,,left_only,only_sw
920634,2022-11-23 00:00:00,240303,2025-10-10 11:17:00,240000,240300,有色金属,,,,left_only,only_sw
920639,2022-07-17 00:00:00,630805,2025-10-10 11:17:00,630000,630800,电力设备,,,,left_only,only_sw
920640,2021-07-30 00:00:00,730205,2025-10-10 11:17:00,730000,730200,通信,,,,left_only,only_sw
920641,2022-12-06 00:00:00,330501,2025-10-10 11:17:00,330000,330500,家用电器,,,,left_only,only_sw
920642,2021-08-16 00:00:00,650201,2025-10-10 11:17:00,650000,650200,国防军工,,,,left_only,only_sw
920651,2023-07-10 00:00:00,640107,2025-10-10 11:17:00,640000,640100,机械设备,,,,left_only,only_sw
920656,2024-02-29 00:00:00,370101,2025-10-10 11:17:00,370000,370100,医药生物,,,,left_only,only_sw
920662,2022-11-23 00:00:00,640106,2025-10-10 11:17:00,640000,640100,机械设备,,,,left_only,only_sw
920663,2023-03-17 00:00:00,280202,2025-10-10 11:17:00,280000,280200,汽车,,,,left_only,only_sw
920665,2023-10-30 00:00:00,220602,2025-10-10 11:17:00,220000,220600,基础化工,,,,left_only,only_sw
920670,2021-07-30 00:00:00,370603,2025-10-10 11:17:00,370000,370600,医药生物,,,,left_only,only_sw
920675,2021-07-30 00:00:00,220901,2025-10-10 11:17:00,220000,220900,基础化工,,,,left_only,only_sw
920679,2023-11-20 00:00:00,640108,2025-10-10 11:17:00,640000,640100,机械设备,,,,left_only,only_sw
920680,2021-11-15 00:00:00,710401,2025-10-10 11:17:00,710000,710400,计算机,,,,left_only,only_sw
920682,2021-07-30 00:00:00,630805,2025-10-10 11:17:00,630000,630800,电力设备,,,,left_only,only_sw
920685,2022-09-30 00:00:00,640107,2025-10-10 11:17:00,640000,640100,机械设备,,,,left_only,only_sw
920689,2022-03-21 00:00:00,640106,2025-10-10 11:17:00,640000,640100,机械设备,,,,left_only,only_sw
920690,2024-01-17 00:00:00,280202,2025-10-10 11:17:00,280000,280200,汽车,,,,left_only,only_sw
920693,2023-10-30 00:00:00,640108,2025-10-10 11:17:00,640000,640100,机械设备,,,,left_only,only_sw
920694,2023-04-27 00:00:00,220602,2025-10-10 11:17:00,220000,220600,基础化工,,,,left_only,only_sw
920699,2023-05-09 00:00:00,330601,2025-10-10 11:17:00,330000,330600,家用电器,,,,left_only,only_sw
920701,2023-07-10 00:00:00,270504,2025-10-10 11:17:00,270000,270500,电子,,,,left_only,only_sw
920703,2023-12-20 00:00:00,640203,2025-10-10 11:17:00,640000,640200,机械设备,,,,left_only,only_sw
920706,2024-03-12 00:00:00,640601,2025-10-10 11:17:00,640000,640600,机械设备,,,,left_only,only_sw
920717,2023-07-10 00:00:00,640209,2025-10-10 11:17:00,640000,640200,机械设备,,,,left_only,only_sw
920718,2022-12-27 00:00:00,330601,2025-10-10 11:17:00,330000,330600,家用电器,,,,left_only,only_sw
920719,2023-05-30 00:00:00,220901,2025-10-10 11:17:00,220000,220900,基础化工,,,,left_only,only_sw
920720,2023-04-10 00:00:00,640108,2025-10-10 11:17:00,640000,640100,机械设备,,,,left_only,only_sw
920725,2022-07-17 00:00:00,640103,2025-10-10 11:17:00,640000,640100,机械设备,,,,left_only,only_sw
920726,2021-07-30 00:00:00,340901,2025-10-10 11:17:00,340000,340900,食品饮料,,,,left_only,only_sw
920729,2020-07-27 00:00:00,110801,2025-10-10 11:17:00,110000,110800,农林牧渔,,,,left_only,only_sw
920735,2021-02-19 00:00:00,370102,2025-10-10 11:17:00,370000,370100,医药生物,,,,left_only,only_sw
920748,2023-08-16 00:00:00,710301,2025-10-10 11:17:00,710000,710300,计算机,,,,left_only,only_sw
920751,2023-07-10 00:00:00,240201,2025-10-10 11:17:00,240000,240200,有色金属,,,,left_only,only_sw
920753,2022-10-26 00:00:00,460802,2025-10-10 11:17:00,460000,460800,社会服务,,,,left_only,only_sw
920765,2021-07-30 00:00:00,360308,2025-10-10 11:17:00,360000,360300,轻工制造,,,,left_only,only_sw
920768,2021-07-30 00:00:00,330601,2025-10-10 11:17:00,330000,330600,家用电器,,,,left_only,only_sw
920770,2023-02-24 00:00:00,630502,2025-10-10 11:17:00,630000,630500,电力设备,,,,left_only,only_sw
920779,2023-05-30 00:00:00,630703,2025-10-10 11:17:00,630000,630700,电力设备,,,,left_only,only_sw
920781,2022-12-27 00:00:00,640203,2025-10-10 11:17:00,640000,640200,机械设备,,,,left_only,only_sw
920786,2023-10-30 00:00:00,340702,2025-10-10 11:17:00,340000,340700,食品饮料,,,,left_only,only_sw
920790,2022-08-29 00:00:00,710301,2025-10-10 11:17:00,710000,710300,计算机,,,,left_only,only_sw
920792,2023-04-07 00:00:00,610301,2025-10-10 11:17:00,610000,610300,建筑材料,,,,left_only,only_sw
920799,2021-07-30 00:00:00,710401,2025-10-10 11:17:00,710000,710400,计算机,,,,left_only,only_sw
920802,2023-02-13 00:00:00,760101,2025-10-10 11:17:00,760000,760100,环保,,,,left_only,only_sw
920806,2024-01-17 00:00:00,710301,2025-10-10 11:17:00,710000,710300,计算机,,,,left_only,only_sw
920807,2022-12-27 00:00:00,640103,2025-10-10 11:17:00,640000,640100,机械设备,,,,left_only,only_sw
920808,2022-11-23 00:00:00,710103,2025-10-10 11:17:00,710000,710100,计算机,,,,left_only,only_sw
920809,2023-04-07 00:00:00,630702,2025-10-10 11:17:00,630000,630700,电力设备,,,,left_only,only_sw
920810,2022-12-14 00:00:00,640208,2025-10-10 11:17:00,640000,640200,机械设备,,,,left_only,only_sw
920819,2021-07-30 00:00:00,220803,2025-10-10 11:17:00,220000,220800,基础化工,,,,left_only,only_sw
920821,2022-06-22 00:00:00,270202,2025-10-10 11:17:00,270000,270200,电子,,,,left_only,only_sw
920826,2021-07-30 00:00:00,340406,2025-10-10 11:17:00,340000,340400,食品饮料,,,,left_only,only_sw
920832,2021-07-30 00:00:00,220901,2025-10-10 11:17:00,220000,220900,基础化工,,,,left_only,only_sw
920833,2023-11-20 00:00:00,640106,2025-10-10 11:17:00,640000,640100,机械设备,,,,left_only,only_sw
920834,2022-08-29 00:00:00,220602,2025-10-10 11:17:00,220000,220600,基础化工,,,,left_only,only_sw
920837,2023-04-27 00:00:00,280203,2025-10-10 11:17:00,280000,280200,汽车,,,,left_only,only_sw
920839,2021-07-30 00:00:00,640602,2025-10-10 11:17:00,640000,640600,机械设备,,,,left_only,only_sw
920855,2022-12-27 00:00:00,640209,2025-10-10 11:17:00,640000,640200,机械设备,,,,left_only,only_sw
920856,2023-04-10 00:00:00,640209,2025-10-10 11:17:00,640000,640200,机械设备,,,,left_only,only_sw
920857,2022-02-11 00:00:00,270504,2025-10-10 11:17:00,270000,270500,电子,,,,left_only,only_sw
920866,2022-12-06 00:00:00,220803,2025-10-10 11:17:00,220000,220800,基础化工,,,,left_only,only_sw
920870,2023-04-10 00:00:00,640101,2025-10-10 11:17:00,640000,640100,机械设备,,,,left_only,only_sw
920871,2022-07-17 00:00:00,280203,2025-10-10 11:17:00,280000,280200,汽车,,,,left_only,only_sw
920873,2021-11-15 00:00:00,620601,2025-10-10 11:17:00,620000,620600,建筑装饰,,,,left_only,only_sw
920876,2022-11-23 00:00:00,270504,2025-10-10 11:17:00,270000,270500,电子,,,,left_only,only_sw
920879,2022-12-27 00:00:00,640107,2025-10-10 11:17:00,640000,640100,机械设备,,,,left_only,only_sw
920885,2021-07-30 00:00:00,640702,2025-10-10 11:17:00,640000,640700,机械设备,,,,left_only,only_sw
920892,2021-10-28 00:00:00,620601,2025-10-10 11:17:00,620000,620600,建筑装饰,,,,left_only,only_sw
920895,2023-04-07 00:00:00,640207,2025-10-10 11:17:00,640000,640200,机械设备,,,,left_only,only_sw
920896,2023-04-27 00:00:00,280203,2025-10-10 11:17:00,280000,280200,汽车,,,,left_only,only_sw
920906,2023-02-24 00:00:00,280202,2025-10-10 11:17:00,280000,280200,汽车,,,,left_only,only_sw
920914,2022-11-23 00:00:00,630701,2025-10-10 11:17:00,630000,630700,电力设备,,,,left_only,only_sw
920924,2021-11-03 00:00:00,730103,2025-10-10 11:17:00,730000,730100,通信,,,,left_only,only_sw
920925,2021-10-25 00:00:00,370502,2025-10-10 11:17:00,370000,370500,医药生物,,,,left_only,only_sw
920926,2023-08-16 00:00:00,330301,2025-10-10 11:17:00,330000,330300,家用电器,,,,left_only,only_sw
920931,2024-04-11 00:00:00,640203,2025-10-10 11:17:00,640000,640200,机械设备,,,,left_only,only_sw
920932,2023-09-08 00:00:00,710401,2025-10-10 11:17:00,710000,710400,计算机,,,,left_only,only_sw
920942,2022-12-06 00:00:00,640602,2025-10-10 11:17:00,640000,640600,机械设备,,,,left_only,only_sw
920943,2022-06-22 00:00:00,640108,2025-10-10 11:17:00,640000,640100,机械设备,,,,left_only,only_sw
920946,2020-07-27 00:00:00,370101,2025-10-10 11:17:00,370000,370100,医药生物,,,,left_only,only_sw
920950,2022-01-09 00:00:00,640106,2025-10-10 11:17:00,640000,640100,机械设备,,,,left_only,only_sw
920953,2023-08-16 00:00:00,710301,2025-10-10 11:17:00,710000,710300,计算机,,,,left_only,only_sw
920957,2022-12-14 00:00:00,220309,2025-10-10 11:17:00,220000,220300,基础化工,,,,left_only,only_sw
920961,2023-04-10 00:00:00,640107,2025-10-10 11:17:00,640000,640100,机械设备,,,,left_only,only_sw
920964,2021-07-30 00:00:00,110901,2025-10-10 11:17:00,110000,110900,农林牧渔,,,,left_only,only_sw
920970,2022-05-13 00:00:00,110801,2025-10-10 11:17:00,110000,110800,农林牧渔,,,,left_only,only_sw
920971,2022-09-30 00:00:00,220901,2025-10-10 11:17:00,220000,220900,基础化工,,,,left_only,only_sw
920974,2023-02-24 00:00:00,220309,2025-10-10 11:17:00,220000,220300,基础化工,,,,left_only,only_sw
920976,2023-09-20 00:00:00,710102,2025-10-10 11:17:00,710000,710100,计算机,,,,left_only,only_sw
920978,2023-10-30 00:00:00,280203,2025-10-10 11:17:00,280000,280200,汽车,,,,left_only,only_sw
920981,2021-11-15 00:00:00,270203,2025-10-10 11:17:00,270000,270200,电子,,,,left_only,only_sw
920982,2023-07-17 00:00:00,770301,2025-10-10 11:17:00,770000,770300,美容护理,,,,left_only,only_sw
920985,2022-08-29 00:00:00,630502,2025-10-10 11:17:00,630000,630500,电力设备,,,,left_only,only_sw
920992,2022-10-26 00:00:00,370502,2025-10-10 11:17:00,370000,370500,医药生物,,,,left_only,only_sw
