code,ex_date,raw_pretax,raw_it_ratio,raw_transfer_ratio,raw_bonus_ratio,plan_text,output_bonus_rmb,output_transfer_ratio,output_bonus_ratio,wind_cash,wind_transfer
600519,2026-06-26,280.2423,,,,10派280.2423元(含税),280.2423,0,,,
600519,2025-12-19,239.57,,,,"10派239.57元(含税,扣税后215.613元)",239.57,0,,,
600519,2025-06-26,276.73,,,,"10派276.73元(含税,扣税后249.057元)",276.73,0,,,
600519,2024-12-20,238.82,,,,"10派238.82元(含税,扣税后214.938元)",238.82,0,,,
600519,2024-06-19,308.76,,,,"10派308.76元(含税,扣税后277.884元)",308.76,0,,,
600519,2023-06-30,259.11,,,,"10派259.11元(含税,扣税后233.199元)",259.11,0,,,
600519,2022-06-30,216.75,,,,"10派216.75元(含税,扣税后195.075元)",216.75,0,,,
600519,2021-06-25,192.93,,,,"10派192.93元(含税,扣税后173.637元)",192.93,0,,,
600519,2020-06-24,170.25,,,,"10派170.25元(含税,扣税后153.225元)",170.25,0,,,
600519,2019-06-28,145.39,,,,"10派145.39元(含税,扣税后130.851元)",145.39,0,,,
600519,2018-06-15,109.99,,,,"10派109.99元(含税,扣税后98.991元)",109.99,0,,,
600519,2017-07-07,67.87,,,,"10派67.87元(含税,扣税后61.083元)",67.87,0,,,
600519,2016-07-01,61.71,,,,"10派61.71元(含税,扣税后55.539元)",61.71,0,,,
600519,2015-07-17,43.74,,,1.0,"10送1.00派43.74元(含税,扣税后39.266元)",43.74,0,1.0,,
600519,2014-06-25,43.74,,,1.0,"10送1.00派43.74元(含税,扣税后39.266元)",43.74,0,1.0,,
600519,2013-06-07,64.19,,,,"10派64.19元(含税,扣税后57.771元)",64.19,0,,,
600519,2012-07-05,39.97,0.0,,0.0,"10派39.97元(含税,扣税后35.973元)",39.97,0,0.0,,
600519,2011-07-01,23.0,0.0,,1.0,"10送1.00派23.00元(含税,扣税后20.60元)",23.0,0,1.0,,
600519,2010-07-05,11.85,0.0,,0.0,"10派11.85元(含税,扣税后10.665元)",11.85,0,0.0,,
600519,2009-07-01,11.56,0.0,,0.0,"10派11.56元(含税,扣税后10.404元)",11.56,0,0.0,,
000001,2026-09-24,2.49,,,,"10派2.49元(含税,扣税后2.241元)",2.49,0,,,
000001,2026-06-12,3.6,,,,"10派3.60元(含税,扣税后3.24元)",3.6,0,,,
000001,2025-10-15,2.36,,,,"10派2.36元(含税,扣税后2.124元)",2.36,0,,,
000001,2025-06-12,3.62,,,,"10派3.62元(含税,扣税后3.258元)",3.62,0,,,
000001,2024-10-10,2.46,,,,"10派2.46元(含税,扣税后2.214元)",2.46,0,,,
000001,2024-06-14,7.19,,,,"10派7.19元(含税,扣税后6.471元)",7.19,0,,,
000001,2023-06-14,2.85,,,,"10派2.85元(含税,扣税后2.565元)",2.85,0,,,
000001,2022-07-22,2.28,,,,"10派2.28元(含税,扣税后2.052元)",2.28,0,,,
000001,2021-05-14,1.8,,,,"10派1.80元(含税,扣税后1.62元)",1.8,0,,,
000001,2020-05-28,2.18,,,,"10派2.18元(含税,扣税后1.962元)",2.18,0,,,
000001,2019-06-26,1.45,,,,"10派1.45元(含税,扣税后1.305元)",1.45,0,,,
000001,2018-07-12,1.36,,,,"10派1.36元(含税,扣税后1.224元)",1.36,0,,,
000001,2017-07-21,1.58,,,,"10派1.58元(含税,扣税后1.422元)",1.58,0,,,
000001,2016-06-16,1.53,2.0,,,"10转2.00派1.53元(含税,扣税后1.377元)",1.53,0,,,
000001,2015-04-13,1.74,2.0,,,"10转2.00派1.74元(含税,扣税后1.566元)",1.74,0,,,
000001,2014-06-12,1.6,2.0,,,"10转2.00派1.60元(含税,扣税后1.44元)",1.6,0,,,
000001,2013-06-20,1.7,,,6.0,"10送6.00派1.70元(含税,扣税后0.93元)",1.7,0,6.0,,
000001,2012-10-19,1.0,,,,"10派1.00元(含税,扣税后0.90元)",1.0,0,,,
000001,2008-10-31,0.335,0.0,,3.0,"10送3.00派0.335元(含税,扣税后0.0015元)",0.335,0,3.0,,
000001,2003-09-29,1.5,0.0,,0.0,"10派1.50元(含税,扣税后1.20元)",1.5,0,0.0,,
000001,2002-07-23,1.5,0.0,,0.0,"10派1.50元(含税,扣税后1.20元)",1.5,0,0.0,,
000001,1999-10-18,6.0,0.0,,0.0,"10派6.00元(含税,扣税后4.90元)",6.0,0,0.0,,
000001,1997-08-25,2.0,0.0,,5.0,"10送5.00派2.00元(含税,扣税后0.7494元)",2.0,0,5.0,,
000001,1996-05-27,,5.0,,5.0,10送5.00转5.00,,0,5.0,,
000001,1995-09-25,3.0,0.0,,2.0,10送2.00派3.00元(含税),3.0,0,2.0,,
000001,1994-07-11,5.0,2.0,,3.0,10送3.00转2.00派5.00元(含税),5.0,0,3.0,,
000001,1993-05-24,3.0,5.0,,3.5,"10送3.50转5.00派3.00元(含税,扣税后2.40元)",3.0,0,3.5,,
000001,1992-03-23,2.0,,,5.0,"10送5.00派2.00元(含税,扣税后2.00元)",2.0,0,5.0,,
000001,1991-05-02,3.0,,,4.0,"10送4.00派3.00元(含税,扣税后0.00元)",3.0,0,4.0,,
