维度,a-stock-data dividend_history,Wind/Kimi本地产物,BT ExDivEvent,缺口/适配要求
证券标识,未返回；只有输入 code,code（Wind 后缀）,"lookup 外层 (symbol,ds)",必须补 code、交易所及规范化
事件身份,缺失,event_id,event_id（跨代码全局唯一）,建立稳定去重/修订策略，不仅以日期去重
除权除息日,date ← EX_DIVIDEND_DATE（截前10字符）,ex_date,ex_date，YYYYMMDD,严格验证日期；排除未实施/缺日期方案
登记日,缺失；原响应有 EQUITY_RECORD_DATE,record_date,模型未直接包含,保留以供资格审核；当前 BT 明确不处理登记日资格
派息日,缺失,pay_date（178空）,pay_date 必填,不能自动假设等于除息日；补缺或拒绝事件
税前现金,bonus_rmb 原样 PRETAX_BONUS_RMB，文档错称每股,cash_div_per_share，元/股,cash_div_per_share，有限非负,已复现：东财每10股，需要除10；不能直接映射
送股比例,bonus_ratio ← BONUS_RATIO，每10股,bonus_ratio，每股,bonus_ratio，新增股/原股,东财除10；Wind已有每股口径不再除10
转增比例,transfer_ratio ← TRANSFER_RATIO，缺键默认0,transfer_ratio，每股,没有独立字段,已复现真实键为 IT_RATIO；当前会丢转增；确认单位后与送股合并
红股上市日,缺失,bonus_list_date,list_date，可选、缺省退为ex_date,有送转时需真实可售日；不能依赖缺省制造提前可售
实施状态,plan ← ASSIGN_PROGRESS，仅返回未过滤,CSV未保留；README称筛实施完毕,无状态字段,适配层过滤已实施；保留原始状态用于追溯
公告/可得时间,缺失；原响应有 NOTICE_DATE/PLAN_NOTICE_DATE,CSV未含（raw可能有）,无字段,严格PIT接入另建 available_at，不能用ex_date充当可知日
来源版本,缺失,source,无字段,保留URL/抓取时间/哈希/原事件修订版本
分页/完整性,默认20条；旧helper仅第1页,本地产物部分覆盖,由caller提供lookup,显式翻页及核对总数；不能把未覆盖当无分红
空/坏值,get默认仅处理缺键，显式null仍为None,多字段空白,金额有限非负；日期严格,区分无事件/未知/真实0；不静默填0
其他公司行动,无配股等独立语义,此CSV亦非完整行动全集,仅现金与新增股权益,不能标注为完整corp-actions替代品
