ymd,close
20251013,40.11
20251014,41.26
20251015,41.5
20251016,41.93
20251017,41.59
20251020,41.42
20251021,41.98
20251022,41.95
20251023,42.24
20251024,41.95
20251027,41.59
20251028,41.6
20251029,40.77
20251030,41.2
20251031,40.89
20251103,41.79
20251104,43.01
20251105,42.8
20251106,42.34
20251107,42.51
20251110,42.72
20251111,42.96
20251112,42.93
20251113,43.21
20251114,43.25
20251117,42.65
20251118,42.88
20251119,43.22
20251120,43.23
20251121,43.0
20251124,42.63
20251125,43.25
20251126,43.25
20251127,43.19
20251128,42.95
20251201,43.44
20251202,43.38
20251203,43.01
20251204,43.22
20251205,43.45
20251208,43.18
20251209,43.04
20251210,41.7
20251211,41.68
20251212,41.74
20251215,41.8
20251216,41.7
20251217,41.52
20251218,42.37
20251219,41.99
20251222,41.77
20251223,41.91
20251224,41.83
20251225,41.78
20251226,41.7
20251229,41.87
20251230,42.28
20251231,42.1
20260105,42.35
20260106,42.73
20260107,42.15
20260108,41.58
20260109,41.3
20260112,41.12
20260113,41.13
20260114,40.07
20260115,40.11
20260116,38.72
20260119,38.55
20260120,38.73
20260121,38.24
20260122,37.85
20260123,37.5
20260126,38.02
20260127,38.1
20260128,37.8
20260129,38.53
20260130,38.67
20260202,38.45
20260203,38.3
20260204,39.01
20260205,39.71
20260206,39.6
20260209,39.48
20260210,39.34
20260211,39.4
20260212,38.99
20260213,38.71
20260224,38.94
20260225,38.78
20260226,38.7
20260227,38.75
20260302,38.67
20260303,39.18
20260304,38.6
20260305,39.15
20260306,39.2
20260309,38.79
20260310,39.22
20260311,39.5
20260312,39.5
20260313,39.76
20260316,39.91
20260317,40.12
20260318,39.92
20260319,39.77
20260320,39.75
20260323,38.68
20260324,39.25
20260325,39.26
20260326,39.56
20260327,39.44
20260330,39.48
20260331,39.32
20260401,39.82
20260402,39.76
20260403,39.4
20260407,38.99
20260408,39.62
20260409,39.26
20260410,39.21
20260413,38.98
20260414,39.13
20260415,39.9
20260416,39.91
20260417,39.52
20260420,39.87
20260421,39.87
20260422,39.74
20260423,39.81
20260424,39.38
20260427,39.38
20260428,39.6
20260429,38.5
20260430,38.27
20260506,38.0
20260507,37.95
20260508,37.94
20260511,37.97
20260512,37.9
20260513,37.88
20260514,37.81
20260515,37.65
20260518,37.47
20260519,37.37
20260520,37.17
20260521,37.15
20260522,37.02
20260525,36.94
20260526,37.0
20260527,37.0
20260528,37.12
20260529,38.01
20260601,38.2
20260602,38.8
20260603,38.5
20260604,38.1
20260605,38.58
20260608,38.5
20260609,38.49
20260610,38.9
20260611,38.73
20260612,39.34
20260615,38.95
20260616,38.57
20260617,38.23
20260618,37.26
20260622,37.65
20260623,37.4
20260624,36.76
20260625,36.23
20260626,36.0
20260629,36.42
20260630,35.5
20260701,35.91
20260702,36.6
20260703,36.83
20260706,37.73
20260707,37.55
20260708,37.94
20260709,37.55
20260710,36.88
20260713,37.25
20260714,37.18
20260715,37.76
20260716,37.67
20260717,38.02
20260720,38.91
20260721,37.99
20260722,38.71
20260723,38.91
20260724,39.2
20260727,39.0
20260728,39.59
20260729,39.66
20260730,40.55
20260731,39.62
20260803,40.36
20260804,39.28
20260805,38.94
20260806,38.97
20260807,38.8
20260810,38.91
20260811,38.95
20260812,38.7
20260813,38.77
20260814,38.46
20260817,38.2
20260818,38.29
20260819,39.15
20260820,38.86
20260821,38.9
20260824,39.58
20260825,39.5
20260826,39.8
20260827,39.58
20260828,39.35
20260831,40.12
20260901,40.86
20260902,40.87
20260903,41.07
20260904,41.69
20260907,41.07
20260908,40.9
20260909,41.0
