Wind代码,证券简称,日期,2025年10月23日到2025年11月4日每日涨停价,2025年10月23日到2025年11月4日每日跌停价,2025年10月23日到2025年11月4日每日前收盘价,交易币种
603196.SH,璞源材料,2025-10-23,25.7,21.02,23.36,CNY
603196.SH,璞源材料,2025-10-24,26.28,21.5,23.89,CNY
603196.SH,璞源材料,2025-10-27,26.28,21.5,23.89,CNY
603196.SH,璞源材料,2025-10-28,26.75,21.89,24.32,CNY
603196.SH,璞源材料,2025-10-29,25.43,20.81,23.12,CNY
603196.SH,璞源材料,2025-10-30,25.34,20.74,23.04,CNY
603196.SH,璞源材料,2025-10-31,25.23,20.65,22.94,CNY
603196.SH,璞源材料,2025-11-03,25.33,20.73,23.03,CNY
603196.SH,璞源材料,2025-11-04,25.36,20.75,23.05,CNY
