000401,金隅冀东
000560,我爱我家
000591,太阳能
000816,智慧农业
000823,超声电子
000825,太钢不锈
000967,盈峰环境
001209,洪兴股份
002114,罗平锌电
002490,山东墨龙
002541,鸿路钢构
002678,珠江钢琴
002791,坚朗五金
002799,环球印务
002833,弘亚数控
002897,意华股份
002930,宏川智慧
002978,安宁股份
002998,优彩资源
300048,合康新能
300243,瑞丰高材
300263,隆华科技
300296,利亚德
300715,凯伦股份
300802,矩子科技
301092,争光股份
301100,风光股份
301109,军信股份
301175,中科环保
301282,金禄电子
301535,浙江华远
600010,包钢股份
600206,有研新材
600216,浙江医药
600231,凌钢股份
600307,酒钢宏兴
600585,海螺水泥
600649,城投控股
600708,光明地产
601568,北元集团
603010,万盛股份
603113,金能科技
603279,景津装备
603505,金石资源
603738,泰晶科技
