Wind代码,证券简称,2014年1月1日到2026年10月6日分红实施进度,2014年1月1日到2026年10月6日分红除权除息日,2014年1月1日到2026年10月6日分红红股上市日,2014年1月1日到2026年10月6日分红派息日,2014年1月1日到2026年10月6日分红转增比例,2014年1月1日到2026年10月6日分红报告期,2014年1月1日到2026年10月6日分红税前每股派息,2014年1月1日到2026年10月6日分红股权登记日,2014年1月1日到2026年10月6日分红送股比例
002327.SZ,富安娜,实施完毕,2015-05-14,2015-05-14,2015-05-14,1.0,Q4 FY2014,0.1,2015-05-13,
002328.SZ,新朋股份,实施完毕,2015-06-10,,2015-06-10,,Q4 FY2014,0.06,2015-06-09,
002329.SZ,皇氏集团,实施完毕,2015-05-04,,2015-05-04,,Q4 FY2014,0.05,2015-04-30,
002330.SZ,得利斯,实施完毕,2015-05-13,,2015-05-13,,Q4 FY2014,0.03,2015-05-12,
002331.SZ,皖通科技,实施完毕,2015-03-26,2015-03-26,2015-03-26,0.2,Q4 FY2014,0.05,2015-03-25,
002333.SZ,罗普斯金,实施完毕,2015-05-21,,2015-05-21,,Q4 FY2014,0.3,2015-05-20,
002327.SZ,富安娜,实施完毕,2016-06-02,,2016-06-02,,Q4 FY2015,0.1,2016-06-01,
002328.SZ,新朋股份,实施完毕,2016-05-25,,2016-05-25,,Q4 FY2015,0.045,2016-05-24,
002329.SZ,皇氏集团,实施完毕,2015-09-23,2015-09-23,,1.8,Q2 FY2015,,2015-09-22,
002331.SZ,皖通科技,实施完毕,2016-05-12,2016-05-12,2016-05-12,0.2,Q4 FY2015,0.05,2016-05-11,
002333.SZ,罗普斯金,实施完毕,2016-05-27,2016-05-27,2016-05-27,1.0,Q4 FY2015,0.2,2016-05-26,
002327.SZ,富安娜,实施完毕,2017-06-26,,2017-06-26,,Q4 FY2016,0.1,2017-06-23,
002328.SZ,新朋股份,实施完毕,2017-05-26,,2017-05-26,,Q4 FY2016,0.045,2017-05-25,
002329.SZ,皇氏集团,实施完毕,2017-07-14,,2017-07-14,,Q4 FY2016,0.06,2017-07-13,
002331.SZ,皖通科技,实施完毕,2017-04-14,,2017-04-14,,Q4 FY2016,0.05,2017-04-13,
002333.SZ,罗普斯金,实施完毕,2017-06-08,,2017-06-08,,Q4 FY2016,0.1,2017-06-07,
002327.SZ,富安娜,实施完毕,2018-05-25,,2018-05-25,,Q4 FY2017,0.25,2018-05-24,
002328.SZ,新朋股份,实施完毕,2018-06-25,,2018-06-25,,Q4 FY2017,0.045,2018-06-22,
002329.SZ,皇氏集团,实施完毕,2018-05-28,,2018-05-28,,Q4 FY2017,0.01,2018-05-25,
002330.SZ,得利斯,实施完毕,2018-07-19,,2018-07-19,,Q4 FY2017,0.008,2018-07-18,
002327.SZ,富安娜,实施完毕,2019-05-15,,2019-05-15,,Q4 FY2018,0.5,2019-05-14,
002328.SZ,新朋股份,实施完毕,2019-06-12,2019-06-12,2019-06-12,0.7,Q4 FY2018,0.112,2019-06-11,
002331.SZ,皖通科技,实施完毕,2019-06-25,,2019-06-25,,Q4 FY2018,0.03,2019-06-24,
002327.SZ,富安娜,实施完毕,2020-06-12,,2020-06-12,,Q4 FY2019,0.5,2020-06-11,
002328.SZ,新朋股份,实施完毕,2020-05-27,,2020-05-27,,Q4 FY2019,0.13,2020-05-26,
002329.SZ,皇氏集团,实施完毕,2020-08-18,,2020-08-18,,Q4 FY2019,0.01,2020-08-17,
002331.SZ,皖通科技,实施完毕,2020-07-31,,2020-07-31,,Q4 FY2019,0.07,2020-07-30,
002333.SZ,罗普斯金,实施完毕,2019-07-12,,2019-07-12,,Q1 FY2019,0.2,2019-07-11,
002327.SZ,富安娜,实施完毕,2021-06-08,,2021-06-08,,Q4 FY2020,0.5,2021-06-07,
002328.SZ,新朋股份,实施完毕,2021-05-27,,2021-05-27,,Q4 FY2020,0.13,2021-05-26,
002330.SZ,得利斯,实施完毕,2021-07-08,,2021-07-08,,Q4 FY2020,0.01,2021-07-07,
002327.SZ,富安娜,实施完毕,2022-06-08,,2022-06-08,,Q4 FY2021,0.6,2022-06-07,
002328.SZ,新朋股份,实施完毕,2022-05-27,,2022-05-27,,Q4 FY2021,0.13,2022-05-26,
002330.SZ,得利斯,实施完毕,2022-06-28,,2022-06-28,,Q4 FY2021,0.01,2022-06-27,
002327.SZ,富安娜,实施完毕,2023-06-09,,2023-06-09,,Q4 FY2022,0.6,2023-06-08,
002328.SZ,新朋股份,实施完毕,2023-05-30,,2023-05-30,,Q4 FY2022,0.13,2023-05-29,
002327.SZ,富安娜,实施完毕,2024-06-19,,2024-06-19,,Q4 FY2023,0.65,2024-06-18,
002328.SZ,新朋股份,实施完毕,2024-06-26,,2024-06-26,,Q4 FY2023,0.13,2024-06-25,
002330.SZ,得利斯,实施完毕,2024-07-09,,2024-07-09,,Q4 FY2023,0.01,2024-07-08,
002333.SZ,罗普斯金,实施完毕,2024-06-13,,2024-06-13,,Q4 FY2023,0.035,2024-06-12,
002327.SZ,富安娜,实施完毕,2025-06-10,,2025-06-10,,Q4 FY2024,0.62,2025-06-09,
002328.SZ,新朋股份,实施完毕,2024-11-29,,2024-11-29,,Q2 FY2024,0.026,2024-11-28,
002328.SZ,新朋股份,实施完毕,2025-06-10,,2025-06-10,,Q4 FY2024,0.116,2025-06-09,
002331.SZ,皖通科技,实施完毕,2025-06-13,,2025-06-13,,Q4 FY2024,0.03,2025-06-12,
002333.SZ,罗普斯金,实施完毕,2025-05-20,,2025-05-20,,Q4 FY2024,0.01,2025-05-19,
002327.SZ,富安娜,实施完毕,2026-06-17,,2026-06-17,,Q4 FY2025,0.385,2026-06-16,
002328.SZ,新朋股份,实施完毕,2025-09-26,,2025-09-26,,Q2 FY2025,0.026,2025-09-25,
002328.SZ,新朋股份,实施完毕,2026-05-29,,2026-05-29,,Q4 FY2025,0.116,2026-05-28,
002333.SZ,罗普斯金,实施完毕,2026-06-08,,2026-06-08,,Q4 FY2025,0.01,2026-06-05,
002328.SZ,新朋股份,实施完毕,2026-09-21,,2026-09-21,,Q2 FY2026,0.014,2026-09-18,
