Wind代码,证券简称,首发上市日期,摘牌日期
001255.SZ,博菲电气,2022-09-30,
001314.SZ,亿道信息,2023-02-14,
001230.SZ,劲旅环境,2022-07-15,
001278.SZ,一彬科技,2023-03-08,
001228.SZ,永泰运,2022-04-29,
001259.SZ,利仁科技,2022-08-31,
001236.SZ,弘业期货,2022-08-05,
001286.SZ,陕西能源,2023-04-10,
001211.SZ,双枪科技,2021-08-05,
001217.SZ,华尔泰,2021-09-29,
001289.SZ,龙源电力,2022-01-24,
001300.SZ,三柏硕,2022-10-19,
001238.SZ,浙江正特,2022-09-19,
001268.SZ,联合精密,2022-06-30,
001266.SZ,宏英智能,2022-02-28,
001226.SZ,拓山重工,2022-06-22,
001260.SZ,坤泰股份,2023-02-16,
001299.SZ,美能能源,2022-10-31,
001222.SZ,源飞宠物,2022-08-18,
001316.SZ,润贝航科,2022-06-24,
001231.SZ,农心科技,2022-08-19,
001279.SZ,强邦新材,2024-10-11,
001229.SZ,魅视科技,2022-08-08,
001313.SZ,粤海饲料,2022-02-16,
001227.SZ,兰州银行,2022-01-17,
001258.SZ,立新能源,2022-07-27,
001256.SZ,炜冈科技,2022-12-05,
001212.SZ,中旗新材,2021-08-23,
001287.SZ,中电港,2023-04-10,
001218.SZ,丽臣实业,2021-10-15,
001216.SZ,华瓷股份,2021-10-19,
001239.SZ,永达股份,2023-12-12,
001269.SZ,欧晶科技,2022-09-30,
001223.SZ,欧克科技,2022-12-12,
001296.SZ,长江材料,2021-12-24,
001225.SZ,和泰机电,2023-02-22,
001298.SZ,好上好,2022-10-31,
001311.SZ,多利科技,2023-02-27,
001317.SZ,三羊马,2021-11-30,
001221.SZ,悍高集团,2025-07-30,
